advertiser,election,topic,spend_week,spend_month,spend
IOTA CITIZENS PAC,REGION-1-GOV,Abortion,2024_10/07-10/13,2024_10,
ALPHA COMMITTEE,NATIONAL-PRES,Education,2024_09/24-09/30,2024_09,1059.6471
RHO VOTERS PAC,NATIONAL-PRES,Immigration,2024_10/15-10/21,2024_10,6284.7208
EPSILON GROUP PAC,NATIONAL-PRES,Gun Policy,2024_10/15-10/21,2024_10,5494.7967
TAU COMMITTEE,REGION-2-SEN,Healthcare,2024_09/03-09/09,2024_09,25.5489
PI ACTION GROUP,REGION-1-GOV,Healthcare,2024_10/07-10/13,2024_10,102.0803
PI ACTION GROUP,REGION-1-GOV,Education,2024_10/29-11/04,2024_11,10055.8928
PI ACTION GROUP,REGION-3-HSE,Abortion,2024_10/01-10/06,2024_10,231.152
THETA ACTION COMMITTEE,REGION-3-HSE,Immigration,2024_09/03-09/09,2024_09,404.8996
THETA ACTION COMMITTEE,REGION-3-HSE,Healthcare,2024_09/24-09/30,2024_09,134.6756
MU ACTION PAC,REGION-4-GOV,Education,2024_11/05-11/11,2024_11,3469.2645
SIGMA FORWARD FUND,REGION-4-GOV,Immigration,2024_10/22-10/28,2024_10,1072.9478
RHO VOTERS PAC,REGION-2-SEN,Climate & Energy,2024_09/03-09/09,2024_09,2150.5508
ZETA FORWARD FUND,REGION-1-GOV,Abortion,2024_10/01-10/06,2024_10,521.7401
ALPHA COMMITTEE,REGION-2-SEN,Economy & Labor,2024_11/05-11/11,2024_11,404.0223
OMICRON FUND,REGION-1-GOV,Gun Policy,2024_09/03-09/09,2024_09,537.8864
NU COALITION,REGION-4-GOV,Economy & Labor,2024_10/22-10/28,2024_10,145.6157
ETA PROGRESS PAC,NATIONAL-PRES,Immigration,2024_09/10-09/16,2024_09,78.6941
SIGMA FORWARD FUND,REGION-2-SEN,Education,2024_09/03-09/09,2024_09,23329.0673
DELTA COALITION,REGION-2-SEN,Criminal Justice,2024_10/07-10/13,2024_10,565.4122
ETA PROGRESS PAC,REGION-3-HSE,Abortion,2024_09/17-09/23,2024_09,501.2978
GAMMA VOTERS FUND,REGION-2-SEN,Climate & Energy,2024_11/05-11/11,2024_11,592.7607
RHO VOTERS PAC,REGION-3-HSE,Gun Policy,2024_10/01-10/06,2024_10,
UPSILON ACTION PAC,REGION-3-HSE,Economy & Labor,2024_09/03-09/09,2024_09,25556.7338
KAPPA FORWARD GROUP,REGION-1-GOV,Gun Policy,2024_11/05-11/11,2024_11,1117.1565
NU COALITION,REGION-2-SEN,Criminal Justice,2024_09/03-09/09,2024_09,1500.0087
OMICRON FUND,NATIONAL-PRES,Education,2024_10/22-10/28,2024_10,250000
RHO VOTERS PAC,REGION-3-HSE,Climate & Energy,2024_10/22-10/28,2024_10,1602.0634
MU ACTION PAC,NATIONAL-PRES,Healthcare,2024_09/17-09/23,2024_09,1869.7275
TAU COMMITTEE,REGION-1-GOV,Criminal Justice,2024_10/01-10/06,2024_10,250000
DELTA COALITION,REGION-4-GOV,Education,2024_09/10-09/16,2024_09,56064.1381
BETA ACTION PAC,REGION-1-GOV,Climate & Energy,2024_11/12-11/18,2024_11,33.6833
ALPHA COMMITTEE,REGION-4-GOV,Criminal Justice,2024_09/10-09/16,2024_09,880.3685
OMICRON FUND,REGION-1-GOV,Abortion,2024_10/22-10/28,2024_10,250000
LAMBDA POLICY FUND,REGION-3-HSE,Healthcare,2024_09/24-09/30,2024_09,
DELTA COALITION,REGION-2-SEN,Abortion,2024_09/24-09/30,2024_09,7.6888
OMICRON FUND,NATIONAL-PRES,Education,2024_10/01-10/06,2024_10,4.6967
NU COALITION,REGION-3-HSE,Climate & Energy,2024_11/12-11/18,2024_11,98.3319
THETA ACTION COMMITTEE,REGION-1-GOV,Healthcare,2024_09/24-09/30,2024_09,
OMICRON FUND,NATIONAL-PRES,Immigration,2024_09/17-09/23,2024_09,564.5061
MU ACTION PAC,REGION-2-SEN,Immigration,2024_10/22-10/28,2024_10,13723.3254
RHO VOTERS PAC,REGION-2-SEN,Criminal Justice,2024_09/10-09/16,2024_09,250000
SIGMA FORWARD FUND,REGION-2-SEN,Abortion,2024_09/10-09/16,2024_09,101.5105
PI ACTION GROUP,REGION-3-HSE,Climate & Energy,2024_10/01-10/06,2024_10,2450.1766
ETA PROGRESS PAC,REGION-4-GOV,Gun Policy,2024_09/24-09/30,2024_09,946.8005
MU ACTION PAC,REGION-3-HSE,Criminal Justice,2024_10/01-10/06,2024_10,565.2336
ETA PROGRESS PAC,REGION-1-GOV,Healthcare,2024_11/05-11/11,2024_11,250000
ZETA FORWARD FUND,REGION-2-SEN,Gun Policy,2024_11/05-11/11,2024_11,34384.3411
NU COALITION,REGION-2-SEN,Healthcare,2024_11/12-11/18,2024_11,250000
OMICRON FUND,REGION-1-GOV,Healthcare,2024_10/22-10/28,2024_10,4032.3719
DELTA COALITION,REGION-4-GOV,Economy & Labor,2024_10/01-10/06,2024_10,111.2145
PI ACTION GROUP,REGION-4-GOV,Education,2024_11/12-11/18,2024_11,275.2986
NU COALITION,REGION-2-SEN,Abortion,2024_11/12-11/18,2024_11,49751.6693
MU ACTION PAC,NATIONAL-PRES,Healthcare,2024_11/12-11/18,2024_11,1963.9081
RHO VOTERS PAC,REGION-2-SEN,Abortion,2024_10/22-10/28,2024_10,250000
XI PROGRESS COMMITTEE,REGION-2-SEN,Education,2024_11/05-11/11,2024_11,6418.6899
ZETA FORWARD FUND,REGION-1-GOV,Immigration,2024_10/07-10/13,2024_10,
EPSILON GROUP PAC,NATIONAL-PRES,Climate & Energy,2024_10/07-10/13,2024_10,866.484
OMICRON FUND,REGION-3-HSE,Abortion,2024_10/01-10/06,2024_10,200.5759
TAU COMMITTEE,NATIONAL-PRES,Immigration,2024_09/10-09/16,2024_09,2.5
EPSILON GROUP PAC,REGION-2-SEN,Gun Policy,2024_10/15-10/21,2024_10,3332.7828
MU ACTION PAC,REGION-2-SEN,Abortion,2024_09/03-09/09,2024_09,121.3441
XI PROGRESS COMMITTEE,REGION-1-GOV,Criminal Justice,2024_11/05-11/11,2024_11,
NU COALITION,REGION-4-GOV,Healthcare,2024_09/10-09/16,2024_09,185.8572
MU ACTION PAC,REGION-1-GOV,Education,2024_10/01-10/06,2024_10,250000
MU ACTION PAC,REGION-1-GOV,Criminal Justice,2024_11/05-11/11,2024_11,940.785
OMICRON FUND,REGION-1-GOV,Climate & Energy,2024_11/05-11/11,2024_11,13986.4771
IOTA CITIZENS PAC,NATIONAL-PRES,Criminal Justice,2024_11/12-11/18,2024_11,25493.3038
MU ACTION PAC,REGION-3-HSE,Climate & Energy,2024_11/12-11/18,2024_11,3093.9055
EPSILON GROUP PAC,REGION-2-SEN,Immigration,2024_10/15-10/21,2024_10,
IOTA CITIZENS PAC,NATIONAL-PRES,Criminal Justice,2024_09/03-09/09,2024_09,17.1088
GAMMA VOTERS FUND,REGION-1-GOV,Healthcare,2024_09/17-09/23,2024_09,636.4281
THETA ACTION COMMITTEE,REGION-4-GOV,Climate & Energy,2024_09/10-09/16,2024_09,185.2053
NU COALITION,NATIONAL-PRES,Abortion,2024_09/17-09/23,2024_09,
RHO VOTERS PAC,REGION-3-HSE,Abortion,2024_10/07-10/13,2024_10,12094.4109
ZETA FORWARD FUND,REGION-1-GOV,Gun Policy,2024_11/05-11/11,2024_11,2.5
GAMMA VOTERS FUND,REGION-2-SEN,Abortion,2024_10/07-10/13,2024_10,2152.7485
ETA PROGRESS PAC,REGION-2-SEN,Economy & Labor,2024_11/12-11/18,2024_11,39.2385
BETA ACTION PAC,REGION-2-SEN,Climate & Energy,2024_10/01-10/06,2024_10,
PI ACTION GROUP,REGION-3-HSE,Healthcare,2024_11/12-11/18,2024_11,444.1414
MU ACTION PAC,NATIONAL-PRES,Climate & Energy,2024_10/01-10/06,2024_10,198.9276
MU ACTION PAC,NATIONAL-PRES,Abortion,2024_09/24-09/30,2024_09,135.3057
ETA PROGRESS PAC,NATIONAL-PRES,Criminal Justice,2024_09/17-09/23,2024_09,945.4947
GAMMA VOTERS FUND,NATIONAL-PRES,Abortion,2024_10/07-10/13,2024_10,
LAMBDA POLICY FUND,REGION-1-GOV,Healthcare,2024_10/15-10/21,2024_10,397.3355
NU COALITION,REGION-1-GOV,Economy & Labor,2024_09/17-09/23,2024_09,66.6244
GAMMA VOTERS FUND,REGION-2-SEN,Healthcare,2024_10/22-10/28,2024_10,200.1191
ZETA FORWARD FUND,NATIONAL-PRES,Healthcare,2024_10/01-10/06,2024_10,
MU ACTION PAC,REGION-4-GOV,Education,2024_10/22-10/28,2024_10,200765.0585
MU ACTION PAC,REGION-4-GOV,Climate & Energy,2024_10/29-11/04,2024_11,40.6404
NU COALITION,REGION-2-SEN,Abortion,2024_11/05-11/11,2024_11,212.197
XI PROGRESS COMMITTEE,REGION-1-GOV,Education,2024_10/29-11/04,2024_11,29.2436
NU COALITION,REGION-3-HSE,Immigration,2024_10/15-10/21,2024_10,56.0493
ZETA FORWARD FUND,REGION-2-SEN,Healthcare,2024_10/22-10/28,2024_10,19293.8955
NU COALITION,NATIONAL-PRES,Climate & Energy,2024_09/10-09/16,2024_09,431.4832
BETA ACTION PAC,REGION-3-HSE,Climate & Energy,2024_11/05-11/11,2024_11,573.596
ALPHA COMMITTEE,NATIONAL-PRES,Criminal Justice,2024_10/01-10/06,2024_10,564.9875
EPSILON GROUP PAC,NATIONAL-PRES,Criminal Justice,2024_10/15-10/21,2024_10,10274.2603
MU ACTION PAC,REGION-1-GOV,Education,2024_10/29-11/04,2024_11,18838.5374
BETA ACTION PAC,REGION-3-HSE,Education,2024_10/22-10/28,2024_10,617.8919
EPSILON GROUP PAC,REGION-3-HSE,Economy & Labor,2024_09/17-09/23,2024_09,5920.0444
DELTA COALITION,REGION-3-HSE,Economy & Labor,2024_10/01-10/06,2024_10,18.7014
ETA PROGRESS PAC,REGION-2-SEN,Criminal Justice,2024_10/22-10/28,2024_10,9.8762
KAPPA FORWARD GROUP,REGION-3-HSE,Criminal Justice,2024_09/24-09/30,2024_09,395.6697
TAU COMMITTEE,REGION-4-GOV,Criminal Justice,2024_10/29-11/04,2024_11,87.9614
EPSILON GROUP PAC,NATIONAL-PRES,Healthcare,2024_10/22-10/28,2024_10,5601.0134
ZETA FORWARD FUND,REGION-1-GOV,Healthcare,2024_10/15-10/21,2024_10,4.4233
ETA PROGRESS PAC,REGION-2-SEN,Healthcare,2024_11/05-11/11,2024_11,
RHO VOTERS PAC,REGION-4-GOV,Gun Policy,2024_09/10-09/16,2024_09,1487.4143
DELTA COALITION,REGION-4-GOV,Gun Policy,2024_10/29-11/04,2024_11,1727.2836
KAPPA FORWARD GROUP,REGION-3-HSE,Healthcare,2024_09/24-09/30,2024_09,4851.4161
ETA PROGRESS PAC,REGION-2-SEN,Climate & Energy,2024_09/10-09/16,2024_09,361.4541
OMICRON FUND,REGION-2-SEN,Climate & Energy,2024_11/12-11/18,2024_11,
ALPHA COMMITTEE,REGION-3-HSE,Criminal Justice,2024_10/22-10/28,2024_10,250000
RHO VOTERS PAC,REGION-1-GOV,Gun Policy,2024_09/17-09/23,2024_09,
RHO VOTERS PAC,REGION-1-GOV,Education,2024_10/29-11/04,2024_11,669.7921
XI PROGRESS COMMITTEE,NATIONAL-PRES,Criminal Justice,2024_10/07-10/13,2024_10,3935.4425
BETA ACTION PAC,REGION-3-HSE,Economy & Labor,2024_09/17-09/23,2024_09,56732.0997
SIGMA FORWARD FUND,NATIONAL-PRES,Healthcare,2024_10/01-10/06,2024_10,5387.5126
IOTA CITIZENS PAC,REGION-3-HSE,Economy & Labor,2024_09/10-09/16,2024_09,18.9937
NU COALITION,REGION-3-HSE,Healthcare,2024_10/22-10/28,2024_10,1959.2447
DELTA COALITION,REGION-1-GOV,Education,2024_09/03-09/09,2024_09,126699.8325
XI PROGRESS COMMITTEE,REGION-4-GOV,Economy & Labor,2024_09/10-09/16,2024_09,143.7816
IOTA CITIZENS PAC,REGION-3-HSE,Education,2024_10/22-10/28,2024_10,
NU COALITION,NATIONAL-PRES,Healthcare,2024_10/29-11/04,2024_11,970.5062
TAU COMMITTEE,REGION-4-GOV,Education,2024_10/07-10/13,2024_10,7866.2736
OMICRON FUND,NATIONAL-PRES,Immigration,2024_11/12-11/18,2024_11,2109.3834
ALPHA COMMITTEE,REGION-3-HSE,Economy & Labor,2024_09/10-09/16,2024_09,184.7033
EPSILON GROUP PAC,REGION-4-GOV,Criminal Justice,2024_10/15-10/21,2024_10,490.3709
KAPPA FORWARD GROUP,REGION-3-HSE,Economy & Labor,2024_09/10-09/16,2024_09,25771.9209
DELTA COALITION,REGION-3-HSE,Abortion,2024_09/10-09/16,2024_09,2.5
UPSILON ACTION PAC,REGION-3-HSE,Gun Policy,2024_11/12-11/18,2024_11,119245.715
ETA PROGRESS PAC,REGION-2-SEN,Climate & Energy,2024_09/03-09/09,2024_09,6.7019
UPSILON ACTION PAC,NATIONAL-PRES,Criminal Justice,2024_10/29-11/04,2024_11,463.3705
DELTA COALITION,REGION-4-GOV,Criminal Justice,2024_10/22-10/28,2024_10,269.5355
LAMBDA POLICY FUND,REGION-2-SEN,Criminal Justice,2024_09/17-09/23,2024_09,64726.9036
SIGMA FORWARD FUND,NATIONAL-PRES,Gun Policy,2024_10/29-11/04,2024_11,44215.2768
MU ACTION PAC,NATIONAL-PRES,Criminal Justice,2024_09/24-09/30,2024_09,60571.6217
MU ACTION PAC,REGION-1-GOV,Abortion,2024_11/12-11/18,2024_11,39128.0611
RHO VOTERS PAC,REGION-3-HSE,Healthcare,2024_10/29-11/04,2024_11,16.8162
THETA ACTION COMMITTEE,NATIONAL-PRES,Education,2024_09/10-09/16,2024_09,603.2221
EPSILON GROUP PAC,REGION-1-GOV,Immigration,2024_09/24-09/30,2024_09,277.1092
ZETA FORWARD FUND,REGION-4-GOV,Gun Policy,2024_10/22-10/28,2024_10,6818.8
EPSILON GROUP PAC,REGION-4-GOV,Immigration,2024_10/01-10/06,2024_10,4251.9515
ALPHA COMMITTEE,REGION-1-GOV,Climate & Energy,2024_09/17-09/23,2024_09,24914.5561
GAMMA VOTERS FUND,REGION-1-GOV,Climate & Energy,2024_10/22-10/28,2024_10,1504.2953
PI ACTION GROUP,NATIONAL-PRES,Criminal Justice,2024_09/24-09/30,2024_09,229.4288
ZETA FORWARD FUND,REGION-1-GOV,Climate & Energy,2024_09/10-09/16,2024_09,328.1864
TAU COMMITTEE,NATIONAL-PRES,Immigration,2024_09/24-09/30,2024_09,34.4616
UPSILON ACTION PAC,REGION-1-GOV,Immigration,2024_09/17-09/23,2024_09,11345.3499
EPSILON GROUP PAC,NATIONAL-PRES,Immigration,2024_09/17-09/23,2024_09,702.9952
ZETA FORWARD FUND,REGION-1-GOV,Abortion,2024_09/17-09/23,2024_09,2001.2422
IOTA CITIZENS PAC,REGION-4-GOV,Gun Policy,2024_09/03-09/09,2024_09,1035.5552
BETA ACTION PAC,REGION-1-GOV,Abortion,2024_11/12-11/18,2024_11,1745.0852
THETA ACTION COMMITTEE,NATIONAL-PRES,Economy & Labor,2024_10/07-10/13,2024_10,187.6272
XI PROGRESS COMMITTEE,REGION-3-HSE,Healthcare,2024_09/24-09/30,2024_09,
TAU COMMITTEE,REGION-3-HSE,Gun Policy,2024_09/24-09/30,2024_09,
ZETA FORWARD FUND,NATIONAL-PRES,Criminal Justice,2024_10/01-10/06,2024_10,143.9311
NU COALITION,NATIONAL-PRES,Economy & Labor,2024_09/24-09/30,2024_09,2.5
NU COALITION,REGION-4-GOV,Immigration,2024_09/17-09/23,2024_09,2553.1623
BETA ACTION PAC,REGION-4-GOV,Gun Policy,2024_11/05-11/11,2024_11,
ALPHA COMMITTEE,REGION-2-SEN,Immigration,2024_09/24-09/30,2024_09,113.5248
OMICRON FUND,NATIONAL-PRES,Healthcare,2024_11/05-11/11,2024_11,4594.7355
DELTA COALITION,REGION-1-GOV,Climate & Energy,2024_09/17-09/23,2024_09,2.5
THETA ACTION COMMITTEE,REGION-1-GOV,Immigration,2024_11/05-11/11,2024_11,413.5475
OMICRON FUND,REGION-1-GOV,Abortion,2024_09/24-09/30,2024_09,2487.2276
UPSILON ACTION PAC,REGION-1-GOV,Immigration,2024_10/07-10/13,2024_10,152.0023
BETA ACTION PAC,REGION-2-SEN,Criminal Justice,2024_11/12-11/18,2024_11,207.6292
PI ACTION GROUP,REGION-2-SEN,Abortion,2024_10/29-11/04,2024_11,2307.0966
RHO VOTERS PAC,REGION-3-HSE,Immigration,2024_11/12-11/18,2024_11,406.622
OMICRON FUND,REGION-2-SEN,Economy & Labor,2024_10/29-11/04,2024_11,4070.9994
OMICRON FUND,REGION-2-SEN,Criminal Justice,2024_09/03-09/09,2024_09,22.855
DELTA COALITION,NATIONAL-PRES,Gun Policy,2024_11/05-11/11,2024_11,250000
EPSILON GROUP PAC,REGION-3-HSE,Economy & Labor,2024_11/05-11/11,2024_11,6124.9018
PI ACTION GROUP,REGION-4-GOV,Criminal Justice,2024_10/15-10/21,2024_10,181.6259
ZETA FORWARD FUND,NATIONAL-PRES,Economy & Labor,2024_10/15-10/21,2024_10,2.5
UPSILON ACTION PAC,NATIONAL-PRES,Economy & Labor,2024_11/05-11/11,2024_11,
BETA ACTION PAC,NATIONAL-PRES,Healthcare,2024_10/07-10/13,2024_10,
SIGMA FORWARD FUND,REGION-2-SEN,Healthcare,2024_09/03-09/09,2024_09,8025.4407
EPSILON GROUP PAC,NATIONAL-PRES,Gun Policy,2024_09/17-09/23,2024_09,11784.8294
RHO VOTERS PAC,REGION-3-HSE,Healthcare,2024_10/22-10/28,2024_10,29.918
OMICRON FUND,REGION-3-HSE,Education,2024_09/10-09/16,2024_09,1664.0595
SIGMA FORWARD FUND,REGION-1-GOV,Economy & Labor,2024_09/10-09/16,2024_09,1180.5576
ETA PROGRESS PAC,NATIONAL-PRES,Abortion,2024_10/22-10/28,2024_10,4959.0639
RHO VOTERS PAC,REGION-4-GOV,Abortion,2024_09/03-09/09,2024_09,2175.9478
DELTA COALITION,REGION-2-SEN,Immigration,2024_10/22-10/28,2024_10,21836.6884
ZETA FORWARD FUND,REGION-1-GOV,Abortion,2024_11/12-11/18,2024_11,
ALPHA COMMITTEE,REGION-1-GOV,Economy & Labor,2024_10/07-10/13,2024_10,1211.4876
DELTA COALITION,REGION-4-GOV,Education,2024_09/24-09/30,2024_09,530.7575
NU COALITION,REGION-3-HSE,Abortion,2024_10/15-10/21,2024_10,2130.967
IOTA CITIZENS PAC,REGION-4-GOV,Climate & Energy,2024_10/01-10/06,2024_10,190224.0849
ZETA FORWARD FUND,REGION-4-GOV,Immigration,2024_09/24-09/30,2024_09,36.9896
NU COALITION,REGION-2-SEN,Education,2024_11/05-11/11,2024_11,82.5971
ZETA FORWARD FUND,NATIONAL-PRES,Criminal Justice,2024_11/12-11/18,2024_11,
DELTA COALITION,REGION-2-SEN,Economy & Labor,2024_09/17-09/23,2024_09,34.1422
UPSILON ACTION PAC,NATIONAL-PRES,Abortion,2024_10/01-10/06,2024_10,41.0105
BETA ACTION PAC,REGION-1-GOV,Healthcare,2024_11/05-11/11,2024_11,31620.3413
ZETA FORWARD FUND,REGION-3-HSE,Immigration,2024_11/05-11/11,2024_11,21498.4349
RHO VOTERS PAC,REGION-2-SEN,Education,2024_10/15-10/21,2024_10,15.6835
MU ACTION PAC,NATIONAL-PRES,Abortion,2024_11/05-11/11,2024_11,960.6319
LAMBDA POLICY FUND,REGION-4-GOV,Abortion,2024_11/05-11/11,2024_11,2.8361
OMICRON FUND,REGION-4-GOV,Climate & Energy,2024_10/15-10/21,2024_10,50.6511
ZETA FORWARD FUND,REGION-4-GOV,Criminal Justice,2024_10/29-11/04,2024_11,150.2931
KAPPA FORWARD GROUP,REGION-1-GOV,Economy & Labor,2024_11/05-11/11,2024_11,2455.9419
ZETA FORWARD FUND,REGION-4-GOV,Economy & Labor,2024_10/07-10/13,2024_10,583.5414
PI ACTION GROUP,REGION-2-SEN,Healthcare,2024_10/07-10/13,2024_10,209.065
XI PROGRESS COMMITTEE,NATIONAL-PRES,Climate & Energy,2024_11/12-11/18,2024_11,544.1907
GAMMA VOTERS FUND,REGION-1-GOV,Economy & Labor,2024_09/17-09/23,2024_09,531.4431
OMICRON FUND,NATIONAL-PRES,Economy & Labor,2024_11/05-11/11,2024_11,259.9133
NU COALITION,REGION-2-SEN,Gun Policy,2024_10/07-10/13,2024_10,204.3148
LAMBDA POLICY FUND,NATIONAL-PRES,Immigration,2024_11/05-11/11,2024_11,4109.3497
SIGMA FORWARD FUND,REGION-3-HSE,Education,2024_09/17-09/23,2024_09,3548.2445
SIGMA FORWARD FUND,REGION-3-HSE,Criminal Justice,2024_11/12-11/18,2024_11,698.4111
NU COALITION,REGION-4-GOV,Economy & Labor,2024_10/07-10/13,2024_10,17.0605
ETA PROGRESS PAC,REGION-1-GOV,Immigration,2024_10/01-10/06,2024_10,20.4346
BETA ACTION PAC,REGION-4-GOV,Criminal Justice,2024_09/24-09/30,2024_09,4542.3358
ETA PROGRESS PAC,NATIONAL-PRES,Economy & Labor,2024_10/07-10/13,2024_10,745.3454
BETA ACTION PAC,REGION-3-HSE,Criminal Justice,2024_10/15-10/21,2024_10,120.6423
ETA PROGRESS PAC,REGION-2-SEN,Climate & Energy,2024_09/17-09/23,2024_09,361.1673
ALPHA COMMITTEE,NATIONAL-PRES,Criminal Justice,2024_10/22-10/28,2024_10,3481.7871
XI PROGRESS COMMITTEE,REGION-4-GOV,Economy & Labor,2024_10/22-10/28,2024_10,5257.0437
MU ACTION PAC,NATIONAL-PRES,Healthcare,2024_11/12-11/18,2024_11,21716.553
ZETA FORWARD FUND,REGION-4-GOV,Education,2024_10/07-10/13,2024_10,558.6957
PI ACTION GROUP,REGION-1-GOV,Healthcare,2024_11/12-11/18,2024_11,95527.5046
OMICRON FUND,REGION-1-GOV,Healthcare,2024_09/17-09/23,2024_09,246.7167
UPSILON ACTION PAC,REGION-4-GOV,Gun Policy,2024_09/24-09/30,2024_09,830.8856
IOTA CITIZENS PAC,NATIONAL-PRES,Criminal Justice,2024_10/07-10/13,2024_10,3085.4974
RHO VOTERS PAC,REGION-2-SEN,Gun Policy,2024_09/10-09/16,2024_09,
ZETA FORWARD FUND,REGION-3-HSE,Education,2024_10/15-10/21,2024_10,408.5925
ETA PROGRESS PAC,REGION-3-HSE,Immigration,2024_09/03-09/09,2024_09,1331.8954
TAU COMMITTEE,REGION-3-HSE,Abortion,2024_09/17-09/23,2024_09,77.5754
MU ACTION PAC,NATIONAL-PRES,Criminal Justice,2024_11/05-11/11,2024_11,1978.3558
RHO VOTERS PAC,REGION-3-HSE,Climate & Energy,2024_10/15-10/21,2024_10,1725.392
BETA ACTION PAC,REGION-1-GOV,Abortion,2024_10/22-10/28,2024_10,2812.9917
THETA ACTION COMMITTEE,REGION-3-HSE,Healthcare,2024_09/17-09/23,2024_09,10.1135
UPSILON ACTION PAC,REGION-1-GOV,Gun Policy,2024_10/07-10/13,2024_10,97279.0236
THETA ACTION COMMITTEE,REGION-1-GOV,Education,2024_09/17-09/23,2024_09,51577.9281
SIGMA FORWARD FUND,NATIONAL-PRES,Climate & Energy,2024_10/01-10/06,2024_10,5877.7391
SIGMA FORWARD FUND,REGION-1-GOV,Healthcare,2024_09/03-09/09,2024_09,278.806
EPSILON GROUP PAC,REGION-1-GOV,Abortion,2024_11/05-11/11,2024_11,43402.6297
EPSILON GROUP PAC,NATIONAL-PRES,Healthcare,2024_10/15-10/21,2024_10,45131.9847
RHO VOTERS PAC,REGION-3-HSE,Immigration,2024_09/24-09/30,2024_09,
NU COALITION,REGION-2-SEN,Criminal Justice,2024_10/01-10/06,2024_10,11265.4892
NU COALITION,REGION-1-GOV,Immigration,2024_09/17-09/23,2024_09,791.3911
XI PROGRESS COMMITTEE,NATIONAL-PRES,Healthcare,2024_10/29-11/04,2024_11,22613.9166
MU ACTION PAC,REGION-1-GOV,Immigration,2024_09/03-09/09,2024_09,709.5976
SIGMA FORWARD FUND,REGION-2-SEN,Abortion,2024_09/17-09/23,2024_09,214.206
THETA ACTION COMMITTEE,REGION-1-GOV,Economy & Labor,2024_10/07-10/13,2024_10,3741.8792
ETA PROGRESS PAC,NATIONAL-PRES,Education,2024_10/22-10/28,2024_10,
RHO VOTERS PAC,REGION-1-GOV,Education,2024_10/15-10/21,2024_10,37329.6592
BETA ACTION PAC,REGION-3-HSE,Criminal Justice,2024_10/15-10/21,2024_10,185669.4375
TAU COMMITTEE,REGION-2-SEN,Healthcare,2024_09/24-09/30,2024_09,1059.4373
ZETA FORWARD FUND,REGION-2-SEN,Economy & Labor,2024_09/10-09/16,2024_09,861.8089
XI PROGRESS COMMITTEE,NATIONAL-PRES,Economy & Labor,2024_10/15-10/21,2024_10,64.5618
IOTA CITIZENS PAC,REGION-1-GOV,Abortion,2024_10/22-10/28,2024_10,10.1381
DELTA COALITION,NATIONAL-PRES,Climate & Energy,2024_09/17-09/23,2024_09,52.1229
ETA PROGRESS PAC,REGION-1-GOV,Immigration,2024_10/15-10/21,2024_10,15.6079
DELTA COALITION,REGION-4-GOV,Abortion,2024_10/29-11/04,2024_11,6630.9574
DELTA COALITION,NATIONAL-PRES,Criminal Justice,2024_09/10-09/16,2024_09,31343.9517
RHO VOTERS PAC,REGION-2-SEN,Abortion,2024_11/12-11/18,2024_11,34.6172
ETA PROGRESS PAC,REGION-2-SEN,Immigration,2024_10/01-10/06,2024_10,93.5884
MU ACTION PAC,REGION-1-GOV,Immigration,2024_11/12-11/18,2024_11,3728.5456
TAU COMMITTEE,REGION-4-GOV,Criminal Justice,2024_10/29-11/04,2024_11,86386.908
DELTA COALITION,REGION-4-GOV,Climate & Energy,2024_11/05-11/11,2024_11,3.5
OMICRON FUND,REGION-3-HSE,Gun Policy,2024_10/29-11/04,2024_11,196.2987
GAMMA VOTERS FUND,NATIONAL-PRES,Healthcare,2024_10/07-10/13,2024_10,3369.1884
EPSILON GROUP PAC,REGION-1-GOV,Abortion,2024_09/03-09/09,2024_09,1256.1991
ALPHA COMMITTEE,NATIONAL-PRES,Immigration,2024_11/12-11/18,2024_11,405.607
ALPHA COMMITTEE,REGION-2-SEN,Healthcare,2024_10/29-11/04,2024_11,476.0417
UPSILON ACTION PAC,REGION-1-GOV,Gun Policy,2024_10/01-10/06,2024_10,21.6942
ETA PROGRESS PAC,REGION-4-GOV,Abortion,2024_10/22-10/28,2024_10,
BETA ACTION PAC,NATIONAL-PRES,Immigration,2024_10/29-11/04,2024_11,113.0723
OMICRON FUND,REGION-1-GOV,Immigration,2024_11/12-11/18,2024_11,515.6631
SIGMA FORWARD FUND,REGION-1-GOV,Immigration,2024_10/29-11/04,2024_11,9868.4766
ZETA FORWARD FUND,NATIONAL-PRES,Gun Policy,2024_09/17-09/23,2024_09,36.2821
BETA ACTION PAC,REGION-3-HSE,Economy & Labor,2024_10/15-10/21,2024_10,163.0184
DELTA COALITION,REGION-1-GOV,Education,2024_10/22-10/28,2024_10,4025.344
UPSILON ACTION PAC,REGION-1-GOV,Criminal Justice,2024_09/03-09/09,2024_09,
KAPPA FORWARD GROUP,REGION-4-GOV,Immigration,2024_10/29-11/04,2024_11,962.9482
OMICRON FUND,REGION-2-SEN,Abortion,2024_09/10-09/16,2024_09,431.9087
ZETA FORWARD FUND,REGION-3-HSE,Criminal Justice,2024_10/07-10/13,2024_10,
BETA ACTION PAC,NATIONAL-PRES,Healthcare,2024_09/03-09/09,2024_09,758.3762
ALPHA COMMITTEE,REGION-1-GOV,Climate & Energy,2024_10/29-11/04,2024_11,1421.5689
DELTA COALITION,REGION-1-GOV,Criminal Justice,2024_10/29-11/04,2024_11,5569.947
BETA ACTION PAC,REGION-4-GOV,Abortion,2024_10/15-10/21,2024_10,9.1388
OMICRON FUND,REGION-4-GOV,Abortion,2024_10/01-10/06,2024_10,2030.1144
IOTA CITIZENS PAC,REGION-2-SEN,Climate & Energy,2024_09/24-09/30,2024_09,216083.4073
EPSILON GROUP PAC,REGION-1-GOV,Gun Policy,2024_09/17-09/23,2024_09,
ZETA FORWARD FUND,REGION-4-GOV,Economy & Labor,2024_11/12-11/18,2024_11,4.5521
EPSILON GROUP PAC,REGION-2-SEN,Economy & Labor,2024_09/10-09/16,2024_09,538.0472
GAMMA VOTERS FUND,NATIONAL-PRES,Criminal Justice,2024_10/07-10/13,2024_10,132489.5587
ETA PROGRESS PAC,REGION-2-SEN,Gun Policy,2024_10/22-10/28,2024_10,843.5691
IOTA CITIZENS PAC,REGION-1-GOV,Healthcare,2024_10/22-10/28,2024_10,2.5
ETA PROGRESS PAC,NATIONAL-PRES,Abortion,2024_10/07-10/13,2024_10,1201.8263
KAPPA FORWARD GROUP,NATIONAL-PRES,Abortion,2024_10/01-10/06,2024_10,73159.952
SIGMA FORWARD FUND,REGION-3-HSE,Abortion,2024_10/22-10/28,2024_10,
OMICRON FUND,REGION-1-GOV,Healthcare,2024_09/03-09/09,2024_09,15.9375
XI PROGRESS COMMITTEE,REGION-4-GOV,Climate & Energy,2024_10/15-10/21,2024_10,19.0935
UPSILON ACTION PAC,NATIONAL-PRES,Healthcare,2024_09/03-09/09,2024_09,1996.4563
NU COALITION,REGION-2-SEN,Gun Policy,2024_11/12-11/18,2024_11,2.5
XI PROGRESS COMMITTEE,REGION-2-SEN,Immigration,2024_11/05-11/11,2024_11,132.8566
ETA PROGRESS PAC,REGION-4-GOV,Education,2024_09/17-09/23,2024_09,201944.4647
RHO VOTERS PAC,NATIONAL-PRES,Abortion,2024_11/12-11/18,2024_11,1560.0541
KAPPA FORWARD GROUP,REGION-3-HSE,Immigration,2024_09/24-09/30,2024_09,630.7066
EPSILON GROUP PAC,REGION-1-GOV,Education,2024_10/07-10/13,2024_10,16918.4363
ZETA FORWARD FUND,REGION-4-GOV,Abortion,2024_10/07-10/13,2024_10,3156.4953
RHO VOTERS PAC,NATIONAL-PRES,Economy & Labor,2024_11/05-11/11,2024_11,883.1329
THETA ACTION COMMITTEE,REGION-1-GOV,Criminal Justice,2024_10/29-11/04,2024_11,223.2026
UPSILON ACTION PAC,REGION-4-GOV,Climate & Energy,2024_10/22-10/28,2024_10,86.6764
SIGMA FORWARD FUND,REGION-3-HSE,Gun Policy,2024_10/15-10/21,2024_10,156.9534
MU ACTION PAC,NATIONAL-PRES,Abortion,2024_09/03-09/09,2024_09,
GAMMA VOTERS FUND,REGION-3-HSE,Education,2024_11/12-11/18,2024_11,
KAPPA FORWARD GROUP,REGION-1-GOV,Healthcare,2024_11/05-11/11,2024_11,87.4688
SIGMA FORWARD FUND,REGION-2-SEN,Criminal Justice,2024_10/29-11/04,2024_11,106029.0689
EPSILON GROUP PAC,REGION-1-GOV,Abortion,2024_09/10-09/16,2024_09,990.4623
OMICRON FUND,REGION-3-HSE,Criminal Justice,2024_09/03-09/09,2024_09,
ETA PROGRESS PAC,REGION-1-GOV,Economy & Labor,2024_11/05-11/11,2024_11,81008.1686
RHO VOTERS PAC,REGION-4-GOV,Gun Policy,2024_10/07-10/13,2024_10,26935.2665
SIGMA FORWARD FUND,REGION-1-GOV,Immigration,2024_10/15-10/21,2024_10,5466.723
XI PROGRESS COMMITTEE,REGION-1-GOV,Criminal Justice,2024_09/10-09/16,2024_09,1711.1508
UPSILON ACTION PAC,NATIONAL-PRES,Healthcare,2024_11/12-11/18,2024_11,7357.7243
EPSILON GROUP PAC,REGION-1-GOV,Abortion,2024_10/22-10/28,2024_10,
GAMMA VOTERS FUND,REGION-4-GOV,Climate & Energy,2024_11/12-11/18,2024_11,29780.7543
DELTA COALITION,REGION-2-SEN,Healthcare,2024_09/03-09/09,2024_09,247.3703
OMICRON FUND,NATIONAL-PRES,Abortion,2024_10/22-10/28,2024_10,1885.1126
EPSILON GROUP PAC,REGION-2-SEN,Criminal Justice,2024_11/12-11/18,2024_11,2111.2788
PI ACTION GROUP,REGION-4-GOV,Climate & Energy,2024_10/15-10/21,2024_10,25839.4655
KAPPA FORWARD GROUP,REGION-3-HSE,Gun Policy,2024_10/15-10/21,2024_10,644.8733
TAU COMMITTEE,NATIONAL-PRES,Abortion,2024_11/12-11/18,2024_11,11384.7233
BETA ACTION PAC,REGION-2-SEN,Healthcare,2024_10/01-10/06,2024_10,1470.9926
OMICRON FUND,REGION-1-GOV,Immigration,2024_09/03-09/09,2024_09,153.1958
RHO VOTERS PAC,REGION-2-SEN,Immigration,2024_11/05-11/11,2024_11,67874.3365
DELTA COALITION,NATIONAL-PRES,Climate & Energy,2024_09/17-09/23,2024_09,591.2891
ETA PROGRESS PAC,REGION-4-GOV,Climate & Energy,2024_10/07-10/13,2024_10,
EPSILON GROUP PAC,REGION-3-HSE,Immigration,2024_09/10-09/16,2024_09,1478.9649
OMICRON FUND,REGION-1-GOV,Abortion,2024_09/17-09/23,2024_09,22.3155
TAU COMMITTEE,REGION-3-HSE,Criminal Justice,2024_10/07-10/13,2024_10,215.9722
DELTA COALITION,REGION-3-HSE,Immigration,2024_09/10-09/16,2024_09,76186.1055
RHO VOTERS PAC,REGION-3-HSE,Climate & Energy,2024_10/29-11/04,2024_11,411.0802
XI PROGRESS COMMITTEE,REGION-3-HSE,Healthcare,2024_10/22-10/28,2024_10,381.9591
RHO VOTERS PAC,REGION-1-GOV,Healthcare,2024_11/05-11/11,2024_11,31029.4007
SIGMA FORWARD FUND,REGION-4-GOV,Immigration,2024_10/22-10/28,2024_10,166.844
RHO VOTERS PAC,REGION-2-SEN,Economy & Labor,2024_09/24-09/30,2024_09,17646.0009
RHO VOTERS PAC,REGION-3-HSE,Education,2024_11/05-11/11,2024_11,6746.5598
SIGMA FORWARD FUND,REGION-4-GOV,Healthcare,2024_10/15-10/21,2024_10,840.523
DELTA COALITION,REGION-2-SEN,Education,2024_10/07-10/13,2024_10,76503.846
UPSILON ACTION PAC,REGION-1-GOV,Criminal Justice,2024_10/15-10/21,2024_10,3088.9378
ZETA FORWARD FUND,REGION-2-SEN,Immigration,2024_09/03-09/09,2024_09,950.29
MU ACTION PAC,REGION-2-SEN,Criminal Justice,2024_09/10-09/16,2024_09,9762.5373
OMICRON FUND,NATIONAL-PRES,Abortion,2024_10/07-10/13,2024_10,38.9656
TAU COMMITTEE,REGION-2-SEN,Economy & Labor,2024_11/12-11/18,2024_11,2870.1741
PI ACTION GROUP,NATIONAL-PRES,Economy & Labor,2024_09/17-09/23,2024_09,4982.1717
ALPHA COMMITTEE,NATIONAL-PRES,Immigration,2024_10/01-10/06,2024_10,299.7464
ETA PROGRESS PAC,REGION-1-GOV,Criminal Justice,2024_10/07-10/13,2024_10,944.9715
NU COALITION,REGION-4-GOV,Climate & Energy,2024_09/17-09/23,2024_09,566.1055
SIGMA FORWARD FUND,NATIONAL-PRES,Abortion,2024_09/10-09/16,2024_09,4281.3059
EPSILON GROUP PAC,REGION-4-GOV,Education,2024_10/07-10/13,2024_10,
UPSILON ACTION PAC,NATIONAL-PRES,Criminal Justice,2024_09/24-09/30,2024_09,715.6841
NU COALITION,REGION-2-SEN,Economy & Labor,2024_10/22-10/28,2024_10,4174.315
BETA ACTION PAC,NATIONAL-PRES,Gun Policy,2024_11/05-11/11,2024_11,643.2354
XI PROGRESS COMMITTEE,REGION-2-SEN,Abortion,2024_09/03-09/09,2024_09,3368.6484
BETA ACTION PAC,REGION-1-GOV,Immigration,2024_09/24-09/30,2024_09,1974.2645
NU COALITION,REGION-4-GOV,Immigration,2024_09/03-09/09,2024_09,8.7087
ZETA FORWARD FUND,REGION-3-HSE,Climate & Energy,2024_10/15-10/21,2024_10,18046.5797
PI ACTION GROUP,REGION-3-HSE,Criminal Justice,2024_10/29-11/04,2024_11,3216.0212
ZETA FORWARD FUND,REGION-1-GOV,Gun Policy,2024_10/15-10/21,2024_10,917.4916
SIGMA FORWARD FUND,REGION-3-HSE,Gun Policy,2024_11/05-11/11,2024_11,82.3871
OMICRON FUND,NATIONAL-PRES,Immigration,2024_10/22-10/28,2024_10,48.4036
THETA ACTION COMMITTEE,REGION-1-GOV,Immigration,2024_10/01-10/06,2024_10,77.2624
LAMBDA POLICY FUND,REGION-3-HSE,Education,2024_09/10-09/16,2024_09,162.1266
THETA ACTION COMMITTEE,NATIONAL-PRES,Education,2024_10/22-10/28,2024_10,2.7252
DELTA COALITION,NATIONAL-PRES,Economy & Labor,2024_10/29-11/04,2024_11,174810.2501
GAMMA VOTERS FUND,NATIONAL-PRES,Abortion,2024_10/01-10/06,2024_10,
BETA ACTION PAC,REGION-4-GOV,Gun Policy,2024_10/29-11/04,2024_11,11933.1782
ALPHA COMMITTEE,NATIONAL-PRES,Education,2024_10/15-10/21,2024_10,283.2125
LAMBDA POLICY FUND,REGION-4-GOV,Gun Policy,2024_09/17-09/23,2024_09,679.5395
ALPHA COMMITTEE,NATIONAL-PRES,Gun Policy,2024_09/17-09/23,2024_09,
NU COALITION,NATIONAL-PRES,Climate & Energy,2024_10/29-11/04,2024_11,2669.6736
MU ACTION PAC,NATIONAL-PRES,Abortion,2024_09/03-09/09,2024_09,40386.8735
LAMBDA POLICY FUND,REGION-2-SEN,Education,2024_09/17-09/23,2024_09,469.8423
OMICRON FUND,REGION-2-SEN,Criminal Justice,2024_10/29-11/04,2024_11,131.3834
ALPHA COMMITTEE,REGION-2-SEN,Gun Policy,2024_10/15-10/21,2024_10,201607.1744
SIGMA FORWARD FUND,REGION-1-GOV,Climate & Energy,2024_11/12-11/18,2024_11,16663.1946
DELTA COALITION,REGION-1-GOV,Criminal Justice,2024_10/07-10/13,2024_10,44.1145
BETA ACTION PAC,REGION-2-SEN,Healthcare,2024_10/29-11/04,2024_11,
DELTA COALITION,REGION-2-SEN,Abortion,2024_09/03-09/09,2024_09,604.8357
RHO VOTERS PAC,REGION-4-GOV,Immigration,2024_10/07-10/13,2024_10,1910.2445
SIGMA FORWARD FUND,REGION-4-GOV,Education,2024_10/07-10/13,2024_10,
ZETA FORWARD FUND,REGION-1-GOV,Climate & Energy,2024_09/10-09/16,2024_09,5.9874
MU ACTION PAC,REGION-2-SEN,Economy & Labor,2024_10/07-10/13,2024_10,1705.1232
TAU COMMITTEE,NATIONAL-PRES,Healthcare,2024_10/01-10/06,2024_10,1418.0198
BETA ACTION PAC,REGION-1-GOV,Criminal Justice,2024_09/24-09/30,2024_09,7573.8084
ZETA FORWARD FUND,REGION-1-GOV,Gun Policy,2024_11/12-11/18,2024_11,412.1984
IOTA CITIZENS PAC,REGION-1-GOV,Criminal Justice,2024_10/01-10/06,2024_10,10048.6603
UPSILON ACTION PAC,REGION-4-GOV,Healthcare,2024_09/10-09/16,2024_09,127148.4248
UPSILON ACTION PAC,REGION-4-GOV,Healthcare,2024_10/15-10/21,2024_10,
BETA ACTION PAC,REGION-1-GOV,Immigration,2024_10/22-10/28,2024_10,57001.1612
ETA PROGRESS PAC,REGION-4-GOV,Immigration,2024_10/29-11/04,2024_11,29993.5388
RHO VOTERS PAC,REGION-4-GOV,Gun Policy,2024_10/29-11/04,2024_11,111.8278
RHO VOTERS PAC,REGION-1-GOV,Criminal Justice,2024_10/29-11/04,2024_11,646.6309
KAPPA FORWARD GROUP,NATIONAL-PRES,Healthcare,2024_10/15-10/21,2024_10,10378.3496
ALPHA COMMITTEE,REGION-2-SEN,Abortion,2024_11/05-11/11,2024_11,2968.3488
RHO VOTERS PAC,NATIONAL-PRES,Economy & Labor,2024_11/05-11/11,2024_11,473.8084
IOTA CITIZENS PAC,REGION-1-GOV,Climate & Energy,2024_11/05-11/11,2024_11,61.7766
RHO VOTERS PAC,REGION-4-GOV,Economy & Labor,2024_09/17-09/23,2024_09,3610.2435
TAU COMMITTEE,REGION-4-GOV,Criminal Justice,2024_10/01-10/06,2024_10,81.7282
TAU COMMITTEE,REGION-3-HSE,Gun Policy,2024_10/29-11/04,2024_11,236.0864
GAMMA VOTERS FUND,REGION-2-SEN,Healthcare,2024_09/24-09/30,2024_09,30827.5503
UPSILON ACTION PAC,REGION-2-SEN,Healthcare,2024_10/22-10/28,2024_10,416.7366
NU COALITION,REGION-3-HSE,Education,2024_11/12-11/18,2024_11,296.5401
EPSILON GROUP PAC,REGION-3-HSE,Education,2024_11/05-11/11,2024_11,1209.5441
NU COALITION,NATIONAL-PRES,Gun Policy,2024_11/05-11/11,2024_11,5450.9327
UPSILON ACTION PAC,REGION-1-GOV,Economy & Labor,2024_10/15-10/21,2024_10,15566.5357
UPSILON ACTION PAC,REGION-3-HSE,Abortion,2024_09/10-09/16,2024_09,
NU COALITION,NATIONAL-PRES,Criminal Justice,2024_11/05-11/11,2024_11,141.5165
OMICRON FUND,REGION-4-GOV,Climate & Energy,2024_10/07-10/13,2024_10,1103.4311
ZETA FORWARD FUND,REGION-4-GOV,Abortion,2024_10/29-11/04,2024_11,2009.0842
ZETA FORWARD FUND,NATIONAL-PRES,Economy & Labor,2024_09/03-09/09,2024_09,7.0149
EPSILON GROUP PAC,NATIONAL-PRES,Economy & Labor,2024_10/29-11/04,2024_11,719.1878
KAPPA FORWARD GROUP,NATIONAL-PRES,Immigration,2024_09/03-09/09,2024_09,36342.8595
BETA ACTION PAC,REGION-2-SEN,Gun Policy,2024_10/07-10/13,2024_10,11199.7422
MU ACTION PAC,REGION-2-SEN,Education,2024_10/01-10/06,2024_10,
ALPHA COMMITTEE,REGION-4-GOV,Economy & Labor,2024_09/24-09/30,2024_09,16.3916
UPSILON ACTION PAC,REGION-4-GOV,Immigration,2024_09/03-09/09,2024_09,9419.1159
UPSILON ACTION PAC,REGION-2-SEN,Immigration,2024_10/22-10/28,2024_10,250000
UPSILON ACTION PAC,REGION-3-HSE,Criminal Justice,2024_10/01-10/06,2024_10,164697.2921
BETA ACTION PAC,NATIONAL-PRES,Abortion,2024_09/10-09/16,2024_09,5986.739
SIGMA FORWARD FUND,REGION-1-GOV,Climate & Energy,2024_10/29-11/04,2024_11,69.3611
GAMMA VOTERS FUND,REGION-1-GOV,Healthcare,2024_11/05-11/11,2024_11,915.2774
DELTA COALITION,REGION-4-GOV,Abortion,2024_10/22-10/28,2024_10,36727.1321
OMICRON FUND,REGION-3-HSE,Economy & Labor,2024_11/05-11/11,2024_11,12695.9958
NU COALITION,REGION-3-HSE,Abortion,2024_11/05-11/11,2024_11,111701.671
PI ACTION GROUP,NATIONAL-PRES,Education,2024_11/05-11/11,2024_11,374.6367
PI ACTION GROUP,NATIONAL-PRES,Healthcare,2024_09/24-09/30,2024_09,1596.1269
EPSILON GROUP PAC,REGION-1-GOV,Economy & Labor,2024_09/24-09/30,2024_09,1087.8663
RHO VOTERS PAC,REGION-2-SEN,Education,2024_10/15-10/21,2024_10,3181.582
PI ACTION GROUP,REGION-4-GOV,Abortion,2024_10/29-11/04,2024_11,66.788
IOTA CITIZENS PAC,NATIONAL-PRES,Gun Policy,2024_10/01-10/06,2024_10,341.3519
RHO VOTERS PAC,REGION-2-SEN,Abortion,2024_10/15-10/21,2024_10,43.8606
MU ACTION PAC,REGION-4-GOV,Criminal Justice,2024_09/17-09/23,2024_09,
NU COALITION,NATIONAL-PRES,Climate & Energy,2024_10/15-10/21,2024_10,2129.8087
MU ACTION PAC,REGION-1-GOV,Abortion,2024_09/17-09/23,2024_09,4332.1868
MU ACTION PAC,REGION-3-HSE,Criminal Justice,2024_09/24-09/30,2024_09,6.6907
DELTA COALITION,REGION-4-GOV,Immigration,2024_11/12-11/18,2024_11,192.7842
GAMMA VOTERS FUND,NATIONAL-PRES,Healthcare,2024_10/07-10/13,2024_10,652.3176
GAMMA VOTERS FUND,REGION-4-GOV,Education,2024_10/22-10/28,2024_10,19.0068
IOTA CITIZENS PAC,REGION-3-HSE,Healthcare,2024_10/01-10/06,2024_10,250000
GAMMA VOTERS FUND,REGION-4-GOV,Education,2024_09/24-09/30,2024_09,
DELTA COALITION,NATIONAL-PRES,Economy & Labor,2024_10/22-10/28,2024_10,4325.5177
TAU COMMITTEE,REGION-3-HSE,Healthcare,2024_10/15-10/21,2024_10,
KAPPA FORWARD GROUP,REGION-3-HSE,Healthcare,2024_11/12-11/18,2024_11,13602.6471
ETA PROGRESS PAC,REGION-2-SEN,Abortion,2024_09/17-09/23,2024_09,240.7233
EPSILON GROUP PAC,REGION-2-SEN,Climate & Energy,2024_09/24-09/30,2024_09,
PI ACTION GROUP,REGION-2-SEN,Criminal Justice,2024_09/03-09/09,2024_09,493.7193
UPSILON ACTION PAC,REGION-3-HSE,Economy & Labor,2024_09/10-09/16,2024_09,2.5
NU COALITION,REGION-3-HSE,Immigration,2024_10/15-10/21,2024_10,1488.8979
DELTA COALITION,REGION-3-HSE,Abortion,2024_10/01-10/06,2024_10,947.9234
SIGMA FORWARD FUND,REGION-3-HSE,Gun Policy,2024_10/15-10/21,2024_10,14963.6101
RHO VOTERS PAC,REGION-4-GOV,Climate & Energy,2024_10/29-11/04,2024_11,377.5186
EPSILON GROUP PAC,REGION-3-HSE,Education,2024_09/10-09/16,2024_09,1575.9283
DELTA COALITION,REGION-3-HSE,Abortion,2024_10/07-10/13,2024_10,33.6746
EPSILON GROUP PAC,REGION-3-HSE,Immigration,2024_10/29-11/04,2024_11,33003.7271
GAMMA VOTERS FUND,REGION-1-GOV,Healthcare,2024_10/15-10/21,2024_10,538.4853
ALPHA COMMITTEE,REGION-3-HSE,Gun Policy,2024_11/05-11/11,2024_11,6968.0012
ALPHA COMMITTEE,REGION-1-GOV,Criminal Justice,2024_09/10-09/16,2024_09,38.0888
ALPHA COMMITTEE,REGION-3-HSE,Healthcare,2024_09/10-09/16,2024_09,50.2742
ETA PROGRESS PAC,NATIONAL-PRES,Economy & Labor,2024_10/22-10/28,2024_10,99907.0477
BETA ACTION PAC,REGION-4-GOV,Economy & Labor,2024_10/29-11/04,2024_11,32.3028
LAMBDA POLICY FUND,NATIONAL-PRES,Healthcare,2024_09/10-09/16,2024_09,2776.0013
BETA ACTION PAC,REGION-4-GOV,Education,2024_11/05-11/11,2024_11,
DELTA COALITION,REGION-1-GOV,Criminal Justice,2024_10/22-10/28,2024_10,10924.2557
MU ACTION PAC,REGION-4-GOV,Criminal Justice,2024_10/22-10/28,2024_10,3.695
MU ACTION PAC,REGION-2-SEN,Education,2024_10/01-10/06,2024_10,115.0024
EPSILON GROUP PAC,REGION-2-SEN,Gun Policy,2024_11/12-11/18,2024_11,958.0303
MU ACTION PAC,REGION-1-GOV,Abortion,2024_11/05-11/11,2024_11,739.9285
MU ACTION PAC,NATIONAL-PRES,Healthcare,2024_09/10-09/16,2024_09,83593.0315
UPSILON ACTION PAC,REGION-3-HSE,Climate & Energy,2024_11/05-11/11,2024_11,
EPSILON GROUP PAC,REGION-1-GOV,Healthcare,2024_10/29-11/04,2024_11,4175.4287
ZETA FORWARD FUND,NATIONAL-PRES,Gun Policy,2024_09/03-09/09,2024_09,229.0121
KAPPA FORWARD GROUP,REGION-3-HSE,Immigration,2024_10/22-10/28,2024_10,7.6365
EPSILON GROUP PAC,NATIONAL-PRES,Gun Policy,2024_09/03-09/09,2024_09,6287.1137
NU COALITION,REGION-4-GOV,Criminal Justice,2024_09/24-09/30,2024_09,137.8556
KAPPA FORWARD GROUP,REGION-4-GOV,Education,2024_10/01-10/06,2024_10,3326.7556
PI ACTION GROUP,REGION-2-SEN,Climate & Energy,2024_11/05-11/11,2024_11,4.2917
OMICRON FUND,REGION-3-HSE,Economy & Labor,2024_10/29-11/04,2024_11,1624.2704
EPSILON GROUP PAC,REGION-3-HSE,Gun Policy,2024_10/22-10/28,2024_10,11110.9916
RHO VOTERS PAC,REGION-2-SEN,Economy & Labor,2024_09/17-09/23,2024_09,213234.1702
ZETA FORWARD FUND,REGION-4-GOV,Healthcare,2024_11/05-11/11,2024_11,
EPSILON GROUP PAC,REGION-3-HSE,Abortion,2024_10/29-11/04,2024_11,5595.572
ALPHA COMMITTEE,NATIONAL-PRES,Climate & Energy,2024_10/22-10/28,2024_10,271.6426
ALPHA COMMITTEE,REGION-3-HSE,Immigration,2024_09/03-09/09,2024_09,4143.3988
KAPPA FORWARD GROUP,REGION-4-GOV,Education,2024_11/12-11/18,2024_11,11687.5554
IOTA CITIZENS PAC,REGION-2-SEN,Immigration,2024_09/17-09/23,2024_09,56785.1661
TAU COMMITTEE,NATIONAL-PRES,Immigration,2024_09/03-09/09,2024_09,3812.7001
KAPPA FORWARD GROUP,REGION-4-GOV,Gun Policy,2024_09/10-09/16,2024_09,1742.3283
OMICRON FUND,REGION-2-SEN,Education,2024_10/01-10/06,2024_10,104.7423
DELTA COALITION,REGION-1-GOV,Healthcare,2024_10/29-11/04,2024_11,
UPSILON ACTION PAC,REGION-2-SEN,Abortion,2024_09/10-09/16,2024_09,634.586
ETA PROGRESS PAC,REGION-2-SEN,Healthcare,2024_09/24-09/30,2024_09,100.4556
PI ACTION GROUP,REGION-3-HSE,Healthcare,2024_09/03-09/09,2024_09,86.7981
THETA ACTION COMMITTEE,REGION-3-HSE,Education,2024_10/22-10/28,2024_10,97.5806
OMICRON FUND,REGION-4-GOV,Immigration,2024_11/12-11/18,2024_11,1275.8928
OMICRON FUND,REGION-3-HSE,Climate & Energy,2024_09/10-09/16,2024_09,1452.8209
ALPHA COMMITTEE,REGION-3-HSE,Abortion,2024_09/03-09/09,2024_09,26.806
MU ACTION PAC,NATIONAL-PRES,Immigration,2024_11/05-11/11,2024_11,4374.4992
TAU COMMITTEE,REGION-1-GOV,Abortion,2024_09/10-09/16,2024_09,124194.1882
SIGMA FORWARD FUND,REGION-4-GOV,Abortion,2024_10/15-10/21,2024_10,1975.5005
SIGMA FORWARD FUND,NATIONAL-PRES,Climate & Energy,2024_10/29-11/04,2024_11,87.4816
ETA PROGRESS PAC,REGION-2-SEN,Abortion,2024_11/12-11/18,2024_11,73.6342
DELTA COALITION,REGION-4-GOV,Gun Policy,2024_09/17-09/23,2024_09,196.2359
LAMBDA POLICY FUND,REGION-3-HSE,Gun Policy,2024_09/10-09/16,2024_09,250000
LAMBDA POLICY FUND,REGION-3-HSE,Criminal Justice,2024_11/05-11/11,2024_11,6797.4577
SIGMA FORWARD FUND,REGION-4-GOV,Education,2024_09/10-09/16,2024_09,678.3215
PI ACTION GROUP,REGION-4-GOV,Abortion,2024_11/05-11/11,2024_11,125.1736
TAU COMMITTEE,REGION-2-SEN,Criminal Justice,2024_11/12-11/18,2024_11,184.5913
BETA ACTION PAC,REGION-4-GOV,Immigration,2024_10/15-10/21,2024_10,4792.1323
PI ACTION GROUP,REGION-4-GOV,Gun Policy,2024_09/03-09/09,2024_09,604.9352
ETA PROGRESS PAC,REGION-1-GOV,Climate & Energy,2024_11/05-11/11,2024_11,3856.6417
RHO VOTERS PAC,NATIONAL-PRES,Abortion,2024_09/03-09/09,2024_09,7.4162
LAMBDA POLICY FUND,REGION-3-HSE,Climate & Energy,2024_09/24-09/30,2024_09,3012.2682
TAU COMMITTEE,REGION-2-SEN,Economy & Labor,2024_09/17-09/23,2024_09,25410.8991
BETA ACTION PAC,REGION-2-SEN,Healthcare,2024_10/07-10/13,2024_10,
XI PROGRESS COMMITTEE,REGION-3-HSE,Climate & Energy,2024_09/10-09/16,2024_09,13022.2869
KAPPA FORWARD GROUP,REGION-3-HSE,Economy & Labor,2024_09/24-09/30,2024_09,18374.6665
EPSILON GROUP PAC,REGION-2-SEN,Healthcare,2024_11/12-11/18,2024_11,250000
ALPHA COMMITTEE,REGION-3-HSE,Healthcare,2024_10/22-10/28,2024_10,12826.5859
ETA PROGRESS PAC,REGION-2-SEN,Education,2024_11/05-11/11,2024_11,3019.8209
SIGMA FORWARD FUND,REGION-3-HSE,Economy & Labor,2024_09/10-09/16,2024_09,
OMICRON FUND,REGION-3-HSE,Economy & Labor,2024_11/05-11/11,2024_11,60289.6802
MU ACTION PAC,REGION-2-SEN,Gun Policy,2024_10/01-10/06,2024_10,24406.3375
ZETA FORWARD FUND,REGION-1-GOV,Healthcare,2024_10/01-10/06,2024_10,892.453
PI ACTION GROUP,REGION-1-GOV,Gun Policy,2024_10/22-10/28,2024_10,147.1681
ALPHA COMMITTEE,NATIONAL-PRES,Economy & Labor,2024_09/03-09/09,2024_09,38.9068
XI PROGRESS COMMITTEE,REGION-3-HSE,Criminal Justice,2024_10/07-10/13,2024_10,297.9288
UPSILON ACTION PAC,REGION-1-GOV,Gun Policy,2024_09/03-09/09,2024_09,74.1226
UPSILON ACTION PAC,REGION-1-GOV,Immigration,2024_09/17-09/23,2024_09,913.1821
THETA ACTION COMMITTEE,REGION-3-HSE,Healthcare,2024_10/22-10/28,2024_10,1444.3783
SIGMA FORWARD FUND,REGION-4-GOV,Criminal Justice,2024_10/07-10/13,2024_10,19.1736
ETA PROGRESS PAC,REGION-3-HSE,Abortion,2024_09/17-09/23,2024_09,247.6613
BETA ACTION PAC,REGION-4-GOV,Climate & Energy,2024_10/01-10/06,2024_10,140.1291
XI PROGRESS COMMITTEE,REGION-4-GOV,Climate & Energy,2024_09/17-09/23,2024_09,24.1445
IOTA CITIZENS PAC,NATIONAL-PRES,Education,2024_10/22-10/28,2024_10,11430.995
ZETA FORWARD FUND,NATIONAL-PRES,Criminal Justice,2024_09/03-09/09,2024_09,1541.4642
ALPHA COMMITTEE,REGION-3-HSE,Abortion,2024_09/24-09/30,2024_09,11771.8897
OMICRON FUND,REGION-3-HSE,Climate & Energy,2024_10/22-10/28,2024_10,63.1028
EPSILON GROUP PAC,REGION-3-HSE,Economy & Labor,2024_10/07-10/13,2024_10,58.3959
RHO VOTERS PAC,REGION-3-HSE,Economy & Labor,2024_10/15-10/21,2024_10,
BETA ACTION PAC,REGION-4-GOV,Gun Policy,2024_10/29-11/04,2024_11,86.9527
SIGMA FORWARD FUND,REGION-2-SEN,Education,2024_11/12-11/18,2024_11,135841.4055
NU COALITION,REGION-3-HSE,Criminal Justice,2024_10/01-10/06,2024_10,138.7892
XI PROGRESS COMMITTEE,REGION-4-GOV,Abortion,2024_10/29-11/04,2024_11,2890.025
RHO VOTERS PAC,REGION-3-HSE,Economy & Labor,2024_09/24-09/30,2024_09,140073.4785
UPSILON ACTION PAC,REGION-4-GOV,Healthcare,2024_11/12-11/18,2024_11,
THETA ACTION COMMITTEE,REGION-3-HSE,Abortion,2024_10/01-10/06,2024_10,9168.382
RHO VOTERS PAC,REGION-4-GOV,Abortion,2024_10/22-10/28,2024_10,452.9233
BETA ACTION PAC,REGION-1-GOV,Healthcare,2024_09/03-09/09,2024_09,4549.0903
ALPHA COMMITTEE,REGION-4-GOV,Economy & Labor,2024_10/01-10/06,2024_10,2.5
ZETA FORWARD FUND,REGION-3-HSE,Economy & Labor,2024_10/07-10/13,2024_10,425.6071
ZETA FORWARD FUND,NATIONAL-PRES,Education,2024_11/05-11/11,2024_11,1321.4684
GAMMA VOTERS FUND,REGION-2-SEN,Climate & Energy,2024_10/01-10/06,2024_10,6883.403
DELTA COALITION,REGION-3-HSE,Climate & Energy,2024_11/12-11/18,2024_11,9991.8311
UPSILON ACTION PAC,REGION-4-GOV,Gun Policy,2024_09/10-09/16,2024_09,457.4081
BETA ACTION PAC,REGION-1-GOV,Criminal Justice,2024_09/24-09/30,2024_09,1596.1849
TAU COMMITTEE,NATIONAL-PRES,Immigration,2024_09/10-09/16,2024_09,571.7165
DELTA COALITION,REGION-1-GOV,Gun Policy,2024_10/01-10/06,2024_10,1499.3504
PI ACTION GROUP,NATIONAL-PRES,Gun Policy,2024_11/05-11/11,2024_11,26.2467
MU ACTION PAC,REGION-4-GOV,Abortion,2024_10/15-10/21,2024_10,1139.8708
ZETA FORWARD FUND,REGION-3-HSE,Immigration,2024_09/24-09/30,2024_09,21.3854
DELTA COALITION,REGION-3-HSE,Climate & Energy,2024_10/01-10/06,2024_10,
ETA PROGRESS PAC,REGION-1-GOV,Healthcare,2024_10/22-10/28,2024_10,224.1002
ALPHA COMMITTEE,REGION-1-GOV,Education,2024_10/15-10/21,2024_10,17462.6969
ZETA FORWARD FUND,REGION-1-GOV,Immigration,2024_09/10-09/16,2024_09,75.03
PI ACTION GROUP,NATIONAL-PRES,Abortion,2024_09/10-09/16,2024_09,40468.8766
LAMBDA POLICY FUND,REGION-3-HSE,Immigration,2024_10/29-11/04,2024_11,2699.4138
ETA PROGRESS PAC,REGION-4-GOV,Climate & Energy,2024_09/24-09/30,2024_09,95.3063
UPSILON ACTION PAC,REGION-1-GOV,Education,2024_09/03-09/09,2024_09,869.8448
ALPHA COMMITTEE,NATIONAL-PRES,Gun Policy,2024_10/01-10/06,2024_10,62931.3625
DELTA COALITION,REGION-3-HSE,Gun Policy,2024_09/24-09/30,2024_09,178.2189
ALPHA COMMITTEE,REGION-3-HSE,Healthcare,2024_09/24-09/30,2024_09,250000
TAU COMMITTEE,REGION-2-SEN,Healthcare,2024_10/01-10/06,2024_10,184.3207
ZETA FORWARD FUND,NATIONAL-PRES,Criminal Justice,2024_11/05-11/11,2024_11,95.3677
SIGMA FORWARD FUND,REGION-3-HSE,Climate & Energy,2024_09/17-09/23,2024_09,6166.7687
THETA ACTION COMMITTEE,REGION-2-SEN,Healthcare,2024_11/05-11/11,2024_11,48118.3078
IOTA CITIZENS PAC,REGION-2-SEN,Healthcare,2024_10/07-10/13,2024_10,808.059
BETA ACTION PAC,NATIONAL-PRES,Economy & Labor,2024_10/15-10/21,2024_10,267.5699
SIGMA FORWARD FUND,REGION-2-SEN,Abortion,2024_09/17-09/23,2024_09,130.7071
PI ACTION GROUP,NATIONAL-PRES,Climate & Energy,2024_09/03-09/09,2024_09,
NU COALITION,REGION-2-SEN,Healthcare,2024_09/24-09/30,2024_09,142.762
ZETA FORWARD FUND,REGION-2-SEN,Education,2024_10/29-11/04,2024_11,71618.8587
XI PROGRESS COMMITTEE,REGION-2-SEN,Economy & Labor,2024_09/24-09/30,2024_09,23473.6271
UPSILON ACTION PAC,REGION-2-SEN,Immigration,2024_11/05-11/11,2024_11,9551.24
SIGMA FORWARD FUND,REGION-4-GOV,Gun Policy,2024_10/01-10/06,2024_10,2198.6453
THETA ACTION COMMITTEE,REGION-2-SEN,Immigration,2024_10/15-10/21,2024_10,41.3727
LAMBDA POLICY FUND,REGION-1-GOV,Criminal Justice,2024_09/17-09/23,2024_09,891.7154
UPSILON ACTION PAC,REGION-3-HSE,Immigration,2024_10/29-11/04,2024_11,183686.93
KAPPA FORWARD GROUP,REGION-3-HSE,Climate & Energy,2024_09/17-09/23,2024_09,29.457
UPSILON ACTION PAC,REGION-3-HSE,Criminal Justice,2024_09/17-09/23,2024_09,47379.8116
MU ACTION PAC,REGION-4-GOV,Healthcare,2024_11/12-11/18,2024_11,40970.9321
EPSILON GROUP PAC,REGION-1-GOV,Climate & Energy,2024_10/22-10/28,2024_10,2543.0393
RHO VOTERS PAC,REGION-3-HSE,Immigration,2024_09/17-09/23,2024_09,13827.235
DELTA COALITION,REGION-3-HSE,Gun Policy,2024_09/17-09/23,2024_09,43.5357
SIGMA FORWARD FUND,REGION-2-SEN,Criminal Justice,2024_09/10-09/16,2024_09,1842.4245
EPSILON GROUP PAC,REGION-2-SEN,Climate & Energy,2024_10/29-11/04,2024_11,
RHO VOTERS PAC,REGION-3-HSE,Education,2024_11/12-11/18,2024_11,2.5
MU ACTION PAC,REGION-4-GOV,Healthcare,2024_09/03-09/09,2024_09,11.2851
BETA ACTION PAC,REGION-4-GOV,Gun Policy,2024_10/15-10/21,2024_10,1682.4797
SIGMA FORWARD FUND,REGION-3-HSE,Abortion,2024_09/17-09/23,2024_09,
ALPHA COMMITTEE,REGION-1-GOV,Healthcare,2024_09/17-09/23,2024_09,3069.1326
GAMMA VOTERS FUND,NATIONAL-PRES,Education,2024_10/01-10/06,2024_10,2232.4813
LAMBDA POLICY FUND,NATIONAL-PRES,Climate & Energy,2024_10/29-11/04,2024_11,10421.1479
UPSILON ACTION PAC,REGION-1-GOV,Climate & Energy,2024_10/29-11/04,2024_11,84.0038
DELTA COALITION,REGION-3-HSE,Economy & Labor,2024_11/12-11/18,2024_11,250000
KAPPA FORWARD GROUP,REGION-1-GOV,Climate & Energy,2024_09/03-09/09,2024_09,3048.3802
UPSILON ACTION PAC,REGION-3-HSE,Climate & Energy,2024_11/05-11/11,2024_11,18.1646
MU ACTION PAC,REGION-3-HSE,Abortion,2024_11/05-11/11,2024_11,395.4082
NU COALITION,REGION-3-HSE,Criminal Justice,2024_09/24-09/30,2024_09,3.8674
SIGMA FORWARD FUND,REGION-4-GOV,Gun Policy,2024_09/10-09/16,2024_09,337.6971
PI ACTION GROUP,REGION-3-HSE,Criminal Justice,2024_11/05-11/11,2024_11,3280.9378
BETA ACTION PAC,REGION-4-GOV,Gun Policy,2024_10/15-10/21,2024_10,9.8164
ETA PROGRESS PAC,REGION-2-SEN,Education,2024_09/10-09/16,2024_09,1206.8427
DELTA COALITION,REGION-2-SEN,Abortion,2024_10/15-10/21,2024_10,8933.1362
ALPHA COMMITTEE,NATIONAL-PRES,Education,2024_11/12-11/18,2024_11,3305.7182
DELTA COALITION,REGION-4-GOV,Abortion,2024_11/05-11/11,2024_11,285.1317
PI ACTION GROUP,REGION-2-SEN,Immigration,2024_11/12-11/18,2024_11,418.9924
XI PROGRESS COMMITTEE,NATIONAL-PRES,Immigration,2024_10/15-10/21,2024_10,250000
MU ACTION PAC,REGION-2-SEN,Immigration,2024_10/01-10/06,2024_10,1139.259
ALPHA COMMITTEE,REGION-4-GOV,Abortion,2024_11/12-11/18,2024_11,3991.8022
ZETA FORWARD FUND,REGION-4-GOV,Immigration,2024_10/22-10/28,2024_10,59639.6157
IOTA CITIZENS PAC,NATIONAL-PRES,Gun Policy,2024_10/15-10/21,2024_10,313.7721
XI PROGRESS COMMITTEE,REGION-3-HSE,Climate & Energy,2024_10/15-10/21,2024_10,
PI ACTION GROUP,NATIONAL-PRES,Gun Policy,2024_09/03-09/09,2024_09,23.572
RHO VOTERS PAC,REGION-2-SEN,Gun Policy,2024_09/10-09/16,2024_09,358.5918
MU ACTION PAC,REGION-3-HSE,Immigration,2024_11/05-11/11,2024_11,8379.942
BETA ACTION PAC,REGION-4-GOV,Abortion,2024_10/07-10/13,2024_10,2.5
DELTA COALITION,NATIONAL-PRES,Gun Policy,2024_10/22-10/28,2024_10,54.4989
XI PROGRESS COMMITTEE,REGION-1-GOV,Economy & Labor,2024_11/12-11/18,2024_11,55.7359
EPSILON GROUP PAC,NATIONAL-PRES,Criminal Justice,2024_11/05-11/11,2024_11,214.2624
UPSILON ACTION PAC,REGION-2-SEN,Criminal Justice,2024_11/05-11/11,2024_11,81.2062
TAU COMMITTEE,REGION-3-HSE,Gun Policy,2024_10/15-10/21,2024_10,8563.1609
MU ACTION PAC,REGION-3-HSE,Criminal Justice,2024_09/10-09/16,2024_09,1290.4385
MU ACTION PAC,REGION-2-SEN,Criminal Justice,2024_10/01-10/06,2024_10,1530.8184
SIGMA FORWARD FUND,REGION-1-GOV,Economy & Labor,2024_09/10-09/16,2024_09,2.5
ZETA FORWARD FUND,REGION-4-GOV,Abortion,2024_10/01-10/06,2024_10,
THETA ACTION COMMITTEE,REGION-1-GOV,Healthcare,2024_11/12-11/18,2024_11,13.544
BETA ACTION PAC,REGION-2-SEN,Healthcare,2024_09/03-09/09,2024_09,55120.3635
ALPHA COMMITTEE,REGION-3-HSE,Climate & Energy,2024_09/24-09/30,2024_09,22989.1744
DELTA COALITION,REGION-2-SEN,Criminal Justice,2024_10/29-11/04,2024_11,132.4565
PI ACTION GROUP,REGION-3-HSE,Immigration,2024_10/15-10/21,2024_10,3925.1417
ZETA FORWARD FUND,REGION-3-HSE,Economy & Labor,2024_09/10-09/16,2024_09,188.4691
MU ACTION PAC,REGION-4-GOV,Healthcare,2024_09/10-09/16,2024_09,15556.5922
ZETA FORWARD FUND,REGION-2-SEN,Economy & Labor,2024_10/29-11/04,2024_11,557.0914
ZETA FORWARD FUND,REGION-4-GOV,Immigration,2024_10/15-10/21,2024_10,12.6107
OMICRON FUND,REGION-1-GOV,Gun Policy,2024_09/17-09/23,2024_09,
THETA ACTION COMMITTEE,REGION-3-HSE,Climate & Energy,2024_11/05-11/11,2024_11,13639.092
ALPHA COMMITTEE,REGION-1-GOV,Economy & Labor,2024_09/03-09/09,2024_09,2.7763
MU ACTION PAC,NATIONAL-PRES,Climate & Energy,2024_09/17-09/23,2024_09,191927.1393
SIGMA FORWARD FUND,NATIONAL-PRES,Healthcare,2024_09/17-09/23,2024_09,974.7577
SIGMA FORWARD FUND,REGION-2-SEN,Education,2024_09/24-09/30,2024_09,
KAPPA FORWARD GROUP,REGION-2-SEN,Criminal Justice,2024_09/10-09/16,2024_09,587.5346
ETA PROGRESS PAC,NATIONAL-PRES,Criminal Justice,2024_10/07-10/13,2024_10,2179.1609
RHO VOTERS PAC,NATIONAL-PRES,Abortion,2024_11/12-11/18,2024_11,249.4143
RHO VOTERS PAC,REGION-4-GOV,Education,2024_09/17-09/23,2024_09,1276.7179
ETA PROGRESS PAC,REGION-4-GOV,Healthcare,2024_09/10-09/16,2024_09,38604.4101
GAMMA VOTERS FUND,REGION-1-GOV,Gun Policy,2024_11/12-11/18,2024_11,61.3461
ALPHA COMMITTEE,REGION-3-HSE,Abortion,2024_10/22-10/28,2024_10,142.6559
ALPHA COMMITTEE,REGION-3-HSE,Abortion,2024_10/07-10/13,2024_10,4966.5524
RHO VOTERS PAC,REGION-1-GOV,Healthcare,2024_09/17-09/23,2024_09,5.3067
TAU COMMITTEE,REGION-2-SEN,Criminal Justice,2024_10/15-10/21,2024_10,91.8745
RHO VOTERS PAC,REGION-2-SEN,Climate & Energy,2024_09/03-09/09,2024_09,3263.4313
TAU COMMITTEE,NATIONAL-PRES,Criminal Justice,2024_11/12-11/18,2024_11,3791.7442
BETA ACTION PAC,NATIONAL-PRES,Criminal Justice,2024_09/24-09/30,2024_09,78624.4091
TAU COMMITTEE,NATIONAL-PRES,Criminal Justice,2024_09/03-09/09,2024_09,1054.8681
UPSILON ACTION PAC,NATIONAL-PRES,Education,2024_10/01-10/06,2024_10,2.5
MU ACTION PAC,REGION-1-GOV,Climate & Energy,2024_10/29-11/04,2024_11,58.6781
THETA ACTION COMMITTEE,REGION-3-HSE,Criminal Justice,2024_09/24-09/30,2024_09,3761.4517
NU COALITION,NATIONAL-PRES,Healthcare,2024_09/24-09/30,2024_09,2.5456
ZETA FORWARD FUND,REGION-1-GOV,Gun Policy,2024_10/22-10/28,2024_10,343.4291
ZETA FORWARD FUND,REGION-4-GOV,Criminal Justice,2024_10/15-10/21,2024_10,17688.1679
MU ACTION PAC,REGION-1-GOV,Healthcare,2024_09/17-09/23,2024_09,314.2844
NU COALITION,REGION-2-SEN,Climate & Energy,2024_10/15-10/21,2024_10,55.5777
NU COALITION,REGION-2-SEN,Abortion,2024_09/10-09/16,2024_09,947.8042
PI ACTION GROUP,REGION-4-GOV,Climate & Energy,2024_11/12-11/18,2024_11,6433.7978
EPSILON GROUP PAC,REGION-2-SEN,Abortion,2024_10/07-10/13,2024_10,23.5607
MU ACTION PAC,REGION-4-GOV,Immigration,2024_10/22-10/28,2024_10,3969.9404
UPSILON ACTION PAC,REGION-2-SEN,Gun Policy,2024_09/03-09/09,2024_09,263.2101
XI PROGRESS COMMITTEE,REGION-2-SEN,Gun Policy,2024_10/07-10/13,2024_10,109534.3177
RHO VOTERS PAC,REGION-2-SEN,Education,2024_09/24-09/30,2024_09,24.1993
MU ACTION PAC,REGION-3-HSE,Abortion,2024_10/29-11/04,2024_11,234925.6353
DELTA COALITION,REGION-1-GOV,Abortion,2024_10/07-10/13,2024_10,
ETA PROGRESS PAC,REGION-4-GOV,Criminal Justice,2024_10/29-11/04,2024_11,10.62
SIGMA FORWARD FUND,REGION-3-HSE,Economy & Labor,2024_10/29-11/04,2024_11,15.9226
LAMBDA POLICY FUND,REGION-1-GOV,Economy & Labor,2024_09/10-09/16,2024_09,
BETA ACTION PAC,REGION-2-SEN,Climate & Energy,2024_10/01-10/06,2024_10,3.8857
RHO VOTERS PAC,REGION-1-GOV,Economy & Labor,2024_10/22-10/28,2024_10,54.9455
PI ACTION GROUP,REGION-1-GOV,Abortion,2024_09/17-09/23,2024_09,494.6734
OMICRON FUND,NATIONAL-PRES,Immigration,2024_11/05-11/11,2024_11,39.1044
EPSILON GROUP PAC,REGION-2-SEN,Criminal Justice,2024_10/29-11/04,2024_11,46003.4872
BETA ACTION PAC,NATIONAL-PRES,Education,2024_10/29-11/04,2024_11,198942.2559
LAMBDA POLICY FUND,REGION-3-HSE,Economy & Labor,2024_10/01-10/06,2024_10,56336.2271
UPSILON ACTION PAC,REGION-2-SEN,Gun Policy,2024_10/22-10/28,2024_10,
GAMMA VOTERS FUND,REGION-4-GOV,Healthcare,2024_11/05-11/11,2024_11,
OMICRON FUND,REGION-3-HSE,Abortion,2024_10/22-10/28,2024_10,101.6294
EPSILON GROUP PAC,REGION-2-SEN,Abortion,2024_10/22-10/28,2024_10,2196.9493
IOTA CITIZENS PAC,REGION-1-GOV,Criminal Justice,2024_10/15-10/21,2024_10,351.613
LAMBDA POLICY FUND,REGION-1-GOV,Economy & Labor,2024_09/17-09/23,2024_09,5087.611
RHO VOTERS PAC,NATIONAL-PRES,Healthcare,2024_10/29-11/04,2024_11,137.3907
MU ACTION PAC,REGION-3-HSE,Gun Policy,2024_10/07-10/13,2024_10,36694.5951
ZETA FORWARD FUND,REGION-4-GOV,Abortion,2024_11/12-11/18,2024_11,38.5458
ZETA FORWARD FUND,REGION-4-GOV,Economy & Labor,2024_10/29-11/04,2024_11,2.5
NU COALITION,REGION-2-SEN,Criminal Justice,2024_09/03-09/09,2024_09,107.7555
EPSILON GROUP PAC,REGION-2-SEN,Climate & Energy,2024_09/03-09/09,2024_09,3537.8283
SIGMA FORWARD FUND,REGION-2-SEN,Healthcare,2024_09/03-09/09,2024_09,52.6623
EPSILON GROUP PAC,NATIONAL-PRES,Education,2024_10/07-10/13,2024_10,267.1044
THETA ACTION COMMITTEE,REGION-4-GOV,Healthcare,2024_09/17-09/23,2024_09,303.0563
ALPHA COMMITTEE,REGION-2-SEN,Education,2024_11/12-11/18,2024_11,7208.1307
ALPHA COMMITTEE,REGION-1-GOV,Healthcare,2024_09/10-09/16,2024_09,16721.1388
GAMMA VOTERS FUND,REGION-3-HSE,Abortion,2024_09/24-09/30,2024_09,2172.1937
MU ACTION PAC,NATIONAL-PRES,Education,2024_10/01-10/06,2024_10,596.8906
RHO VOTERS PAC,NATIONAL-PRES,Economy & Labor,2024_10/07-10/13,2024_10,81668.0342
MU ACTION PAC,REGION-3-HSE,Gun Policy,2024_10/07-10/13,2024_10,15.7687
XI PROGRESS COMMITTEE,REGION-4-GOV,Climate & Energy,2024_11/12-11/18,2024_11,70.2053
ALPHA COMMITTEE,REGION-4-GOV,Economy & Labor,2024_11/05-11/11,2024_11,
ALPHA COMMITTEE,REGION-2-SEN,Healthcare,2024_10/15-10/21,2024_10,1572.1777
THETA ACTION COMMITTEE,REGION-2-SEN,Healthcare,2024_09/03-09/09,2024_09,
NU COALITION,REGION-4-GOV,Immigration,2024_10/07-10/13,2024_10,
SIGMA FORWARD FUND,REGION-4-GOV,Education,2024_10/01-10/06,2024_10,
KAPPA FORWARD GROUP,REGION-3-HSE,Immigration,2024_10/22-10/28,2024_10,874.0311
TAU COMMITTEE,REGION-4-GOV,Criminal Justice,2024_09/17-09/23,2024_09,14053.524
OMICRON FUND,REGION-2-SEN,Gun Policy,2024_10/22-10/28,2024_10,13.6427
PI ACTION GROUP,REGION-2-SEN,Abortion,2024_10/01-10/06,2024_10,
ZETA FORWARD FUND,REGION-3-HSE,Gun Policy,2024_10/15-10/21,2024_10,116.1748
XI PROGRESS COMMITTEE,REGION-3-HSE,Education,2024_09/24-09/30,2024_09,32.3818
DELTA COALITION,REGION-1-GOV,Abortion,2024_09/17-09/23,2024_09,3745.9681
IOTA CITIZENS PAC,NATIONAL-PRES,Criminal Justice,2024_10/15-10/21,2024_10,1789.3374
PI ACTION GROUP,REGION-4-GOV,Healthcare,2024_10/15-10/21,2024_10,14.4248
BETA ACTION PAC,REGION-1-GOV,Economy & Labor,2024_11/12-11/18,2024_11,141.5315
SIGMA FORWARD FUND,REGION-1-GOV,Immigration,2024_09/17-09/23,2024_09,187.0668
XI PROGRESS COMMITTEE,REGION-2-SEN,Immigration,2024_09/24-09/30,2024_09,201926.8073
TAU COMMITTEE,REGION-3-HSE,Criminal Justice,2024_09/10-09/16,2024_09,179.9298
EPSILON GROUP PAC,REGION-1-GOV,Economy & Labor,2024_10/01-10/06,2024_10,250000
BETA ACTION PAC,REGION-1-GOV,Economy & Labor,2024_10/22-10/28,2024_10,2290.6215
MU ACTION PAC,NATIONAL-PRES,Gun Policy,2024_10/29-11/04,2024_11,1976.5891
LAMBDA POLICY FUND,REGION-1-GOV,Healthcare,2024_09/17-09/23,2024_09,5350.2902
EPSILON GROUP PAC,NATIONAL-PRES,Healthcare,2024_10/07-10/13,2024_10,3900.4164
BETA ACTION PAC,NATIONAL-PRES,Healthcare,2024_11/05-11/11,2024_11,12488.046
NU COALITION,NATIONAL-PRES,Economy & Labor,2024_09/03-09/09,2024_09,416.4126
OMICRON FUND,REGION-1-GOV,Education,2024_09/17-09/23,2024_09,815.0331
LAMBDA POLICY FUND,REGION-3-HSE,Gun Policy,2024_10/01-10/06,2024_10,
XI PROGRESS COMMITTEE,REGION-2-SEN,Immigration,2024_11/05-11/11,2024_11,3017.7834
OMICRON FUND,REGION-3-HSE,Healthcare,2024_09/10-09/16,2024_09,4684.9756
DELTA COALITION,REGION-2-SEN,Criminal Justice,2024_09/03-09/09,2024_09,2152.5593
MU ACTION PAC,REGION-1-GOV,Healthcare,2024_09/24-09/30,2024_09,87.6599
OMICRON FUND,REGION-3-HSE,Criminal Justice,2024_09/17-09/23,2024_09,35.3779
ALPHA COMMITTEE,REGION-2-SEN,Gun Policy,2024_10/29-11/04,2024_11,867.3229
IOTA CITIZENS PAC,REGION-3-HSE,Immigration,2024_11/05-11/11,2024_11,19.2189
ALPHA COMMITTEE,REGION-3-HSE,Immigration,2024_09/24-09/30,2024_09,13868.2238
ETA PROGRESS PAC,REGION-1-GOV,Immigration,2024_10/22-10/28,2024_10,56040.3937
LAMBDA POLICY FUND,REGION-1-GOV,Climate & Energy,2024_10/29-11/04,2024_11,4304.4534
THETA ACTION COMMITTEE,REGION-4-GOV,Economy & Labor,2024_10/15-10/21,2024_10,611.4265
ZETA FORWARD FUND,REGION-4-GOV,Economy & Labor,2024_10/29-11/04,2024_11,1243.291
ALPHA COMMITTEE,REGION-3-HSE,Healthcare,2024_09/10-09/16,2024_09,57.1461
EPSILON GROUP PAC,REGION-2-SEN,Education,2024_11/05-11/11,2024_11,291.9188
OMICRON FUND,REGION-1-GOV,Abortion,2024_09/24-09/30,2024_09,1015.6975
ETA PROGRESS PAC,NATIONAL-PRES,Abortion,2024_11/05-11/11,2024_11,75.187
RHO VOTERS PAC,REGION-1-GOV,Abortion,2024_09/24-09/30,2024_09,112.9698
IOTA CITIZENS PAC,REGION-3-HSE,Criminal Justice,2024_10/29-11/04,2024_11,7054.2151
IOTA CITIZENS PAC,NATIONAL-PRES,Healthcare,2024_10/29-11/04,2024_11,346.0849
EPSILON GROUP PAC,REGION-1-GOV,Education,2024_11/12-11/18,2024_11,
LAMBDA POLICY FUND,REGION-3-HSE,Abortion,2024_10/01-10/06,2024_10,4410.0548
MU ACTION PAC,REGION-4-GOV,Criminal Justice,2024_09/17-09/23,2024_09,
EPSILON GROUP PAC,REGION-1-GOV,Education,2024_11/12-11/18,2024_11,347.505
DELTA COALITION,REGION-2-SEN,Immigration,2024_10/07-10/13,2024_10,239.9488
ALPHA COMMITTEE,REGION-4-GOV,Abortion,2024_10/29-11/04,2024_11,217.5006
OMICRON FUND,REGION-3-HSE,Education,2024_10/29-11/04,2024_11,291.4839
ZETA FORWARD FUND,REGION-4-GOV,Education,2024_10/01-10/06,2024_10,2454.9702
EPSILON GROUP PAC,REGION-2-SEN,Immigration,2024_09/24-09/30,2024_09,35.2967
ZETA FORWARD FUND,REGION-2-SEN,Economy & Labor,2024_09/17-09/23,2024_09,107566.659
ETA PROGRESS PAC,REGION-4-GOV,Gun Policy,2024_10/15-10/21,2024_10,
RHO VOTERS PAC,REGION-3-HSE,Education,2024_09/10-09/16,2024_09,1583.7396
TAU COMMITTEE,NATIONAL-PRES,Abortion,2024_10/01-10/06,2024_10,21467.4549
OMICRON FUND,REGION-3-HSE,Criminal Justice,2024_09/03-09/09,2024_09,3314.8965
ETA PROGRESS PAC,REGION-1-GOV,Immigration,2024_10/15-10/21,2024_10,761.9014
EPSILON GROUP PAC,NATIONAL-PRES,Immigration,2024_09/03-09/09,2024_09,21.637
ALPHA COMMITTEE,REGION-3-HSE,Education,2024_10/15-10/21,2024_10,13885.8092
NU COALITION,REGION-1-GOV,Immigration,2024_10/22-10/28,2024_10,
ALPHA COMMITTEE,REGION-1-GOV,Immigration,2024_09/10-09/16,2024_09,
DELTA COALITION,REGION-2-SEN,Economy & Labor,2024_10/07-10/13,2024_10,1759.5691
PI ACTION GROUP,REGION-3-HSE,Economy & Labor,2024_11/05-11/11,2024_11,2811.6228
MU ACTION PAC,NATIONAL-PRES,Gun Policy,2024_09/03-09/09,2024_09,221.6893
UPSILON ACTION PAC,REGION-4-GOV,Gun Policy,2024_10/22-10/28,2024_10,34.0737
UPSILON ACTION PAC,REGION-4-GOV,Gun Policy,2024_10/22-10/28,2024_10,4136.4278
SIGMA FORWARD FUND,REGION-3-HSE,Economy & Labor,2024_10/01-10/06,2024_10,
ETA PROGRESS PAC,REGION-4-GOV,Abortion,2024_11/05-11/11,2024_11,42462.9775
ZETA FORWARD FUND,REGION-3-HSE,Abortion,2024_10/22-10/28,2024_10,
GAMMA VOTERS FUND,REGION-3-HSE,Education,2024_10/22-10/28,2024_10,919.4198
PI ACTION GROUP,REGION-3-HSE,Healthcare,2024_10/15-10/21,2024_10,120772.8305
OMICRON FUND,REGION-3-HSE,Climate & Energy,2024_11/12-11/18,2024_11,
EPSILON GROUP PAC,REGION-3-HSE,Gun Policy,2024_11/05-11/11,2024_11,3.0722
SIGMA FORWARD FUND,REGION-3-HSE,Climate & Energy,2024_09/10-09/16,2024_09,27.9927
RHO VOTERS PAC,REGION-4-GOV,Education,2024_09/17-09/23,2024_09,226697.6829
EPSILON GROUP PAC,NATIONAL-PRES,Gun Policy,2024_09/03-09/09,2024_09,1849.8214
TAU COMMITTEE,REGION-3-HSE,Immigration,2024_09/24-09/30,2024_09,48.6086
UPSILON ACTION PAC,REGION-3-HSE,Abortion,2024_10/15-10/21,2024_10,1009.2836
BETA ACTION PAC,REGION-3-HSE,Healthcare,2024_10/22-10/28,2024_10,97.7102
BETA ACTION PAC,NATIONAL-PRES,Healthcare,2024_10/01-10/06,2024_10,870.0114
BETA ACTION PAC,REGION-4-GOV,Gun Policy,2024_10/29-11/04,2024_11,5570.2164
EPSILON GROUP PAC,REGION-2-SEN,Abortion,2024_10/01-10/06,2024_10,1154.3428
ETA PROGRESS PAC,NATIONAL-PRES,Economy & Labor,2024_11/12-11/18,2024_11,9072.0712
ZETA FORWARD FUND,REGION-4-GOV,Climate & Energy,2024_10/29-11/04,2024_11,9739.781
KAPPA FORWARD GROUP,REGION-3-HSE,Immigration,2024_11/12-11/18,2024_11,4996.8878
ALPHA COMMITTEE,REGION-2-SEN,Healthcare,2024_10/29-11/04,2024_11,32996.8319
ETA PROGRESS PAC,REGION-3-HSE,Economy & Labor,2024_10/22-10/28,2024_10,250000
OMICRON FUND,NATIONAL-PRES,Economy & Labor,2024_11/05-11/11,2024_11,71129.9931
ETA PROGRESS PAC,REGION-3-HSE,Abortion,2024_09/03-09/09,2024_09,39517.961
ZETA FORWARD FUND,REGION-4-GOV,Education,2024_10/15-10/21,2024_10,2.5
ALPHA COMMITTEE,REGION-1-GOV,Gun Policy,2024_09/10-09/16,2024_09,3.8163
IOTA CITIZENS PAC,REGION-1-GOV,Criminal Justice,2024_10/22-10/28,2024_10,168.8754
PI ACTION GROUP,REGION-2-SEN,Criminal Justice,2024_09/17-09/23,2024_09,319.3082
RHO VOTERS PAC,REGION-2-SEN,Immigration,2024_10/22-10/28,2024_10,128.3865
ETA PROGRESS PAC,REGION-2-SEN,Healthcare,2024_09/03-09/09,2024_09,
ZETA FORWARD FUND,REGION-4-GOV,Abortion,2024_10/01-10/06,2024_10,4004.8844
MU ACTION PAC,REGION-3-HSE,Climate & Energy,2024_09/17-09/23,2024_09,165.5499
KAPPA FORWARD GROUP,REGION-3-HSE,Healthcare,2024_10/07-10/13,2024_10,5699.2816
BETA ACTION PAC,REGION-1-GOV,Immigration,2024_11/12-11/18,2024_11,150.2344
THETA ACTION COMMITTEE,NATIONAL-PRES,Criminal Justice,2024_09/03-09/09,2024_09,5.3341
LAMBDA POLICY FUND,REGION-3-HSE,Criminal Justice,2024_09/24-09/30,2024_09,91627.5685
NU COALITION,REGION-4-GOV,Healthcare,2024_10/22-10/28,2024_10,
UPSILON ACTION PAC,REGION-4-GOV,Gun Policy,2024_10/15-10/21,2024_10,2644.3533
DELTA COALITION,REGION-3-HSE,Education,2024_11/05-11/11,2024_11,20.4239
UPSILON ACTION PAC,REGION-2-SEN,Climate & Energy,2024_10/22-10/28,2024_10,1316.1277
EPSILON GROUP PAC,NATIONAL-PRES,Education,2024_09/24-09/30,2024_09,
OMICRON FUND,REGION-2-SEN,Criminal Justice,2024_10/29-11/04,2024_11,2.5
DELTA COALITION,REGION-1-GOV,Criminal Justice,2024_09/10-09/16,2024_09,
UPSILON ACTION PAC,NATIONAL-PRES,Healthcare,2024_10/22-10/28,2024_10,218.504
MU ACTION PAC,REGION-4-GOV,Criminal Justice,2024_09/03-09/09,2024_09,1595.3648
RHO VOTERS PAC,REGION-1-GOV,Criminal Justice,2024_11/05-11/11,2024_11,12.5311
ALPHA COMMITTEE,REGION-3-HSE,Climate & Energy,2024_11/12-11/18,2024_11,64701.9858
IOTA CITIZENS PAC,NATIONAL-PRES,Abortion,2024_10/29-11/04,2024_11,5433.2997
SIGMA FORWARD FUND,REGION-4-GOV,Education,2024_09/17-09/23,2024_09,21.463
XI PROGRESS COMMITTEE,REGION-4-GOV,Climate & Energy,2024_11/05-11/11,2024_11,28622.9373
DELTA COALITION,REGION-1-GOV,Climate & Energy,2024_11/12-11/18,2024_11,87.6178
IOTA CITIZENS PAC,REGION-2-SEN,Immigration,2024_09/24-09/30,2024_09,146.5537
LAMBDA POLICY FUND,REGION-1-GOV,Climate & Energy,2024_10/22-10/28,2024_10,5.4848
ALPHA COMMITTEE,REGION-4-GOV,Economy & Labor,2024_09/17-09/23,2024_09,276.8544
XI PROGRESS COMMITTEE,REGION-2-SEN,Abortion,2024_10/15-10/21,2024_10,83.976
LAMBDA POLICY FUND,REGION-4-GOV,Abortion,2024_10/22-10/28,2024_10,1777.5064
KAPPA FORWARD GROUP,REGION-4-GOV,Healthcare,2024_09/10-09/16,2024_09,11788.567
MU ACTION PAC,REGION-2-SEN,Economy & Labor,2024_10/15-10/21,2024_10,181371.2426
SIGMA FORWARD FUND,REGION-1-GOV,Education,2024_09/17-09/23,2024_09,141.1173
BETA ACTION PAC,NATIONAL-PRES,Climate & Energy,2024_11/05-11/11,2024_11,88.9709
RHO VOTERS PAC,REGION-3-HSE,Economy & Labor,2024_11/12-11/18,2024_11,178.3509
MU ACTION PAC,NATIONAL-PRES,Climate & Energy,2024_10/29-11/04,2024_11,
BETA ACTION PAC,NATIONAL-PRES,Education,2024_09/24-09/30,2024_09,1081.4959
MU ACTION PAC,REGION-2-SEN,Economy & Labor,2024_11/12-11/18,2024_11,61882.0904
LAMBDA POLICY FUND,REGION-2-SEN,Criminal Justice,2024_10/22-10/28,2024_10,70998.2232
ZETA FORWARD FUND,REGION-4-GOV,Climate & Energy,2024_09/10-09/16,2024_09,71.1995
PI ACTION GROUP,REGION-4-GOV,Climate & Energy,2024_10/01-10/06,2024_10,11679.3956
OMICRON FUND,REGION-1-GOV,Education,2024_09/17-09/23,2024_09,377.3439
OMICRON FUND,NATIONAL-PRES,Abortion,2024_10/29-11/04,2024_11,77.3596
MU ACTION PAC,NATIONAL-PRES,Abortion,2024_10/01-10/06,2024_10,240.7288
RHO VOTERS PAC,REGION-3-HSE,Economy & Labor,2024_10/22-10/28,2024_10,5505.4161
ALPHA COMMITTEE,REGION-3-HSE,Gun Policy,2024_10/15-10/21,2024_10,786.8358
NU COALITION,REGION-4-GOV,Criminal Justice,2024_10/29-11/04,2024_11,24953.4385
GAMMA VOTERS FUND,NATIONAL-PRES,Economy & Labor,2024_09/24-09/30,2024_09,
BETA ACTION PAC,REGION-1-GOV,Education,2024_11/05-11/11,2024_11,2678.0686
MU ACTION PAC,REGION-4-GOV,Education,2024_10/29-11/04,2024_11,6511.165
EPSILON GROUP PAC,NATIONAL-PRES,Immigration,2024_09/03-09/09,2024_09,186.2407
XI PROGRESS COMMITTEE,REGION-1-GOV,Education,2024_10/01-10/06,2024_10,695.5768
ETA PROGRESS PAC,REGION-1-GOV,Economy & Labor,2024_10/29-11/04,2024_11,2.5
NU COALITION,REGION-2-SEN,Healthcare,2024_10/01-10/06,2024_10,
ALPHA COMMITTEE,REGION-2-SEN,Healthcare,2024_09/10-09/16,2024_09,11.8615
KAPPA FORWARD GROUP,REGION-1-GOV,Immigration,2024_09/03-09/09,2024_09,18405.6901
ZETA FORWARD FUND,REGION-2-SEN,Criminal Justice,2024_11/05-11/11,2024_11,3619.0732
SIGMA FORWARD FUND,REGION-3-HSE,Criminal Justice,2024_09/10-09/16,2024_09,250000
DELTA COALITION,NATIONAL-PRES,Criminal Justice,2024_11/05-11/11,2024_11,230.3272
ETA PROGRESS PAC,REGION-1-GOV,Economy & Labor,2024_09/03-09/09,2024_09,11599.5889
ETA PROGRESS PAC,NATIONAL-PRES,Climate & Energy,2024_10/01-10/06,2024_10,9774.1359
MU ACTION PAC,REGION-3-HSE,Criminal Justice,2024_09/17-09/23,2024_09,209025.9084
NU COALITION,REGION-3-HSE,Education,2024_11/05-11/11,2024_11,59.0251
TAU COMMITTEE,REGION-2-SEN,Immigration,2024_10/15-10/21,2024_10,2123.4237
OMICRON FUND,NATIONAL-PRES,Gun Policy,2024_09/03-09/09,2024_09,2623.5976
BETA ACTION PAC,REGION-3-HSE,Economy & Labor,2024_11/12-11/18,2024_11,7006.8217
ZETA FORWARD FUND,REGION-2-SEN,Climate & Energy,2024_10/01-10/06,2024_10,
NU COALITION,NATIONAL-PRES,Abortion,2024_11/05-11/11,2024_11,
GAMMA VOTERS FUND,REGION-1-GOV,Gun Policy,2024_11/05-11/11,2024_11,2.5
THETA ACTION COMMITTEE,REGION-2-SEN,Immigration,2024_10/22-10/28,2024_10,1973.0035
NU COALITION,REGION-3-HSE,Healthcare,2024_10/29-11/04,2024_11,250000
THETA ACTION COMMITTEE,REGION-3-HSE,Economy & Labor,2024_09/03-09/09,2024_09,96.4326
XI PROGRESS COMMITTEE,NATIONAL-PRES,Gun Policy,2024_10/07-10/13,2024_10,19.2392
THETA ACTION COMMITTEE,REGION-1-GOV,Criminal Justice,2024_09/17-09/23,2024_09,2079.966
SIGMA FORWARD FUND,REGION-4-GOV,Climate & Energy,2024_11/05-11/11,2024_11,
IOTA CITIZENS PAC,REGION-3-HSE,Climate & Energy,2024_10/01-10/06,2024_10,
BETA ACTION PAC,NATIONAL-PRES,Criminal Justice,2024_10/07-10/13,2024_10,250000
XI PROGRESS COMMITTEE,REGION-2-SEN,Education,2024_09/24-09/30,2024_09,3969.1613
BETA ACTION PAC,NATIONAL-PRES,Criminal Justice,2024_10/07-10/13,2024_10,354.0679
MU ACTION PAC,REGION-1-GOV,Climate & Energy,2024_10/07-10/13,2024_10,
OMICRON FUND,REGION-4-GOV,Gun Policy,2024_10/01-10/06,2024_10,250000
NU COALITION,REGION-2-SEN,Climate & Energy,2024_09/03-09/09,2024_09,777.4146
OMICRON FUND,REGION-2-SEN,Education,2024_10/15-10/21,2024_10,40126.9482
THETA ACTION COMMITTEE,NATIONAL-PRES,Immigration,2024_09/17-09/23,2024_09,1426.4764
ZETA FORWARD FUND,REGION-3-HSE,Climate & Energy,2024_10/22-10/28,2024_10,14404.1898
OMICRON FUND,REGION-1-GOV,Education,2024_09/24-09/30,2024_09,
ZETA FORWARD FUND,NATIONAL-PRES,Immigration,2024_11/12-11/18,2024_11,18971.8953
THETA ACTION COMMITTEE,NATIONAL-PRES,Criminal Justice,2024_09/24-09/30,2024_09,6.9372
LAMBDA POLICY FUND,REGION-4-GOV,Abortion,2024_11/12-11/18,2024_11,14.819
ZETA FORWARD FUND,REGION-1-GOV,Healthcare,2024_09/24-09/30,2024_09,754.4728
LAMBDA POLICY FUND,REGION-4-GOV,Education,2024_11/05-11/11,2024_11,124.6804
THETA ACTION COMMITTEE,REGION-4-GOV,Education,2024_11/12-11/18,2024_11,34.2871
ETA PROGRESS PAC,REGION-1-GOV,Abortion,2024_09/03-09/09,2024_09,8.0066
ALPHA COMMITTEE,NATIONAL-PRES,Economy & Labor,2024_11/05-11/11,2024_11,67359.7643
PI ACTION GROUP,REGION-4-GOV,Healthcare,2024_10/15-10/21,2024_10,59227.9235
ALPHA COMMITTEE,REGION-1-GOV,Climate & Energy,2024_09/17-09/23,2024_09,2.5
ZETA FORWARD FUND,NATIONAL-PRES,Gun Policy,2024_11/12-11/18,2024_11,689.4776
KAPPA FORWARD GROUP,REGION-2-SEN,Economy & Labor,2024_09/17-09/23,2024_09,12901.781
UPSILON ACTION PAC,REGION-3-HSE,Economy & Labor,2024_09/10-09/16,2024_09,941.4614
ALPHA COMMITTEE,REGION-2-SEN,Economy & Labor,2024_09/24-09/30,2024_09,45356.8436
IOTA CITIZENS PAC,REGION-4-GOV,Climate & Energy,2024_10/29-11/04,2024_11,37113.1285
XI PROGRESS COMMITTEE,REGION-4-GOV,Climate & Energy,2024_10/29-11/04,2024_11,3679.5456
UPSILON ACTION PAC,REGION-2-SEN,Immigration,2024_10/01-10/06,2024_10,9569.7887
DELTA COALITION,REGION-3-HSE,Healthcare,2024_09/03-09/09,2024_09,1825.0794
DELTA COALITION,REGION-2-SEN,Education,2024_11/12-11/18,2024_11,11815.0552
EPSILON GROUP PAC,REGION-3-HSE,Gun Policy,2024_11/05-11/11,2024_11,137.4128
RHO VOTERS PAC,REGION-2-SEN,Economy & Labor,2024_09/24-09/30,2024_09,3568.3375
RHO VOTERS PAC,REGION-2-SEN,Criminal Justice,2024_10/15-10/21,2024_10,5.5289
RHO VOTERS PAC,REGION-1-GOV,Immigration,2024_10/15-10/21,2024_10,5376.7873
ALPHA COMMITTEE,REGION-1-GOV,Education,2024_09/03-09/09,2024_09,2853.0054
ETA PROGRESS PAC,REGION-4-GOV,Economy & Labor,2024_11/12-11/18,2024_11,
MU ACTION PAC,REGION-3-HSE,Economy & Labor,2024_10/15-10/21,2024_10,
OMICRON FUND,REGION-4-GOV,Abortion,2024_10/22-10/28,2024_10,101.2882
GAMMA VOTERS FUND,REGION-2-SEN,Criminal Justice,2024_09/17-09/23,2024_09,6726.3679
GAMMA VOTERS FUND,NATIONAL-PRES,Criminal Justice,2024_09/10-09/16,2024_09,36.2848
OMICRON FUND,REGION-2-SEN,Gun Policy,2024_10/29-11/04,2024_11,447.5135
ALPHA COMMITTEE,REGION-3-HSE,Climate & Energy,2024_09/03-09/09,2024_09,119.6366
IOTA CITIZENS PAC,REGION-3-HSE,Gun Policy,2024_09/10-09/16,2024_09,
EPSILON GROUP PAC,NATIONAL-PRES,Criminal Justice,2024_11/12-11/18,2024_11,478.7273
UPSILON ACTION PAC,REGION-3-HSE,Abortion,2024_10/22-10/28,2024_10,4255.2803
ZETA FORWARD FUND,REGION-3-HSE,Healthcare,2024_10/15-10/21,2024_10,9440.4523
EPSILON GROUP PAC,REGION-3-HSE,Gun Policy,2024_10/07-10/13,2024_10,1703.3257
ZETA FORWARD FUND,REGION-3-HSE,Criminal Justice,2024_10/15-10/21,2024_10,10690.1316
RHO VOTERS PAC,REGION-2-SEN,Healthcare,2024_10/15-10/21,2024_10,105.2697
GAMMA VOTERS FUND,REGION-3-HSE,Healthcare,2024_10/29-11/04,2024_11,2.5
IOTA CITIZENS PAC,REGION-1-GOV,Gun Policy,2024_09/03-09/09,2024_09,7343.5578
ALPHA COMMITTEE,REGION-3-HSE,Healthcare,2024_10/29-11/04,2024_11,4729.0758
EPSILON GROUP PAC,REGION-4-GOV,Gun Policy,2024_09/24-09/30,2024_09,4001.2867
LAMBDA POLICY FUND,REGION-3-HSE,Education,2024_10/22-10/28,2024_10,26.6266
RHO VOTERS PAC,REGION-3-HSE,Criminal Justice,2024_10/15-10/21,2024_10,198.609
BETA ACTION PAC,REGION-1-GOV,Abortion,2024_10/07-10/13,2024_10,4448.7078
BETA ACTION PAC,REGION-1-GOV,Abortion,2024_11/12-11/18,2024_11,1506.043
ETA PROGRESS PAC,REGION-3-HSE,Abortion,2024_10/29-11/04,2024_11,4806.5679
PI ACTION GROUP,REGION-1-GOV,Abortion,2024_11/12-11/18,2024_11,971.1582
MU ACTION PAC,REGION-4-GOV,Gun Policy,2024_10/29-11/04,2024_11,
BETA ACTION PAC,REGION-2-SEN,Gun Policy,2024_09/03-09/09,2024_09,726.4056
RHO VOTERS PAC,NATIONAL-PRES,Gun Policy,2024_10/15-10/21,2024_10,68.5977
SIGMA FORWARD FUND,REGION-3-HSE,Climate & Energy,2024_11/12-11/18,2024_11,449.5451
SIGMA FORWARD FUND,REGION-1-GOV,Healthcare,2024_11/05-11/11,2024_11,38.8672
GAMMA VOTERS FUND,REGION-3-HSE,Criminal Justice,2024_11/12-11/18,2024_11,99581.5476
XI PROGRESS COMMITTEE,REGION-3-HSE,Abortion,2024_10/22-10/28,2024_10,213.3345
ALPHA COMMITTEE,REGION-2-SEN,Climate & Energy,2024_10/22-10/28,2024_10,68575.1782
THETA ACTION COMMITTEE,REGION-3-HSE,Abortion,2024_10/15-10/21,2024_10,12798.6157
THETA ACTION COMMITTEE,REGION-1-GOV,Abortion,2024_11/05-11/11,2024_11,751.1579
DELTA COALITION,NATIONAL-PRES,Economy & Labor,2024_10/07-10/13,2024_10,2469.1131
NU COALITION,NATIONAL-PRES,Gun Policy,2024_10/07-10/13,2024_10,35186.7829
BETA ACTION PAC,NATIONAL-PRES,Economy & Labor,2024_09/24-09/30,2024_09,3691.5134
KAPPA FORWARD GROUP,REGION-2-SEN,Economy & Labor,2024_11/12-11/18,2024_11,552.7327
PI ACTION GROUP,REGION-3-HSE,Economy & Labor,2024_11/12-11/18,2024_11,14.2117
IOTA CITIZENS PAC,REGION-2-SEN,Healthcare,2024_09/24-09/30,2024_09,204.1855
NU COALITION,NATIONAL-PRES,Abortion,2024_09/03-09/09,2024_09,934.6248
BETA ACTION PAC,NATIONAL-PRES,Abortion,2024_11/05-11/11,2024_11,4.5549
THETA ACTION COMMITTEE,REGION-1-GOV,Climate & Energy,2024_10/01-10/06,2024_10,250000
SIGMA FORWARD FUND,REGION-2-SEN,Gun Policy,2024_11/05-11/11,2024_11,80913.0879
IOTA CITIZENS PAC,REGION-1-GOV,Immigration,2024_10/07-10/13,2024_10,85.3594
BETA ACTION PAC,REGION-2-SEN,Gun Policy,2024_09/10-09/16,2024_09,28.8969
IOTA CITIZENS PAC,REGION-4-GOV,Education,2024_10/29-11/04,2024_11,3726.3761
GAMMA VOTERS FUND,REGION-4-GOV,Healthcare,2024_10/01-10/06,2024_10,50982.1302
GAMMA VOTERS FUND,REGION-2-SEN,Gun Policy,2024_10/07-10/13,2024_10,130.1902
OMICRON FUND,REGION-1-GOV,Healthcare,2024_09/03-09/09,2024_09,
ETA PROGRESS PAC,REGION-3-HSE,Education,2024_10/07-10/13,2024_10,58497.7007
XI PROGRESS COMMITTEE,REGION-2-SEN,Gun Policy,2024_10/15-10/21,2024_10,91.5541
IOTA CITIZENS PAC,REGION-2-SEN,Abortion,2024_11/12-11/18,2024_11,49.8608
UPSILON ACTION PAC,REGION-2-SEN,Immigration,2024_11/12-11/18,2024_11,24090.416
RHO VOTERS PAC,NATIONAL-PRES,Immigration,2024_11/05-11/11,2024_11,3958.9166
NU COALITION,REGION-3-HSE,Economy & Labor,2024_10/01-10/06,2024_10,100.3007
ETA PROGRESS PAC,REGION-1-GOV,Healthcare,2024_10/29-11/04,2024_11,1681.492
ETA PROGRESS PAC,REGION-1-GOV,Climate & Energy,2024_09/10-09/16,2024_09,10640.3098
MU ACTION PAC,REGION-1-GOV,Abortion,2024_09/24-09/30,2024_09,9.8973
IOTA CITIZENS PAC,REGION-1-GOV,Abortion,2024_11/05-11/11,2024_11,2814.9096
UPSILON ACTION PAC,REGION-2-SEN,Gun Policy,2024_10/29-11/04,2024_11,306.5678
EPSILON GROUP PAC,NATIONAL-PRES,Climate & Energy,2024_10/01-10/06,2024_10,5.9594
PI ACTION GROUP,REGION-3-HSE,Economy & Labor,2024_11/12-11/18,2024_11,
TAU COMMITTEE,REGION-4-GOV,Climate & Energy,2024_10/07-10/13,2024_10,8683.8938
SIGMA FORWARD FUND,REGION-4-GOV,Climate & Energy,2024_11/12-11/18,2024_11,1572.714
TAU COMMITTEE,NATIONAL-PRES,Climate & Energy,2024_09/10-09/16,2024_09,74.4253
TAU COMMITTEE,NATIONAL-PRES,Criminal Justice,2024_10/15-10/21,2024_10,21.6915
MU ACTION PAC,NATIONAL-PRES,Healthcare,2024_09/24-09/30,2024_09,25.2767
ETA PROGRESS PAC,NATIONAL-PRES,Healthcare,2024_09/24-09/30,2024_09,467.2823
KAPPA FORWARD GROUP,REGION-4-GOV,Climate & Energy,2024_11/05-11/11,2024_11,
NU COALITION,REGION-2-SEN,Abortion,2024_10/15-10/21,2024_10,
ZETA FORWARD FUND,REGION-2-SEN,Abortion,2024_10/29-11/04,2024_11,107.0606
BETA ACTION PAC,REGION-3-HSE,Criminal Justice,2024_10/07-10/13,2024_10,60882.4145
THETA ACTION COMMITTEE,REGION-1-GOV,Criminal Justice,2024_10/29-11/04,2024_11,
DELTA COALITION,REGION-2-SEN,Education,2024_11/05-11/11,2024_11,
THETA ACTION COMMITTEE,REGION-1-GOV,Economy & Labor,2024_09/03-09/09,2024_09,51.6247
BETA ACTION PAC,REGION-3-HSE,Healthcare,2024_10/15-10/21,2024_10,222.8865
PI ACTION GROUP,REGION-1-GOV,Education,2024_11/12-11/18,2024_11,450.5092
SIGMA FORWARD FUND,REGION-1-GOV,Immigration,2024_09/03-09/09,2024_09,34265.7993
ALPHA COMMITTEE,REGION-2-SEN,Immigration,2024_10/29-11/04,2024_11,240822.3066
BETA ACTION PAC,REGION-1-GOV,Healthcare,2024_09/24-09/30,2024_09,93.4442
BETA ACTION PAC,REGION-3-HSE,Criminal Justice,2024_09/03-09/09,2024_09,771.3056
ETA PROGRESS PAC,REGION-2-SEN,Criminal Justice,2024_10/07-10/13,2024_10,1891.076
OMICRON FUND,REGION-1-GOV,Gun Policy,2024_09/17-09/23,2024_09,25.702
ETA PROGRESS PAC,REGION-2-SEN,Criminal Justice,2024_11/12-11/18,2024_11,750.8278
NU COALITION,REGION-4-GOV,Healthcare,2024_11/05-11/11,2024_11,1032.114
GAMMA VOTERS FUND,REGION-2-SEN,Criminal Justice,2024_10/01-10/06,2024_10,41.5813
BETA ACTION PAC,REGION-3-HSE,Gun Policy,2024_11/05-11/11,2024_11,1636.1174
THETA ACTION COMMITTEE,REGION-3-HSE,Gun Policy,2024_10/07-10/13,2024_10,70.4257
ZETA FORWARD FUND,REGION-1-GOV,Climate & Energy,2024_10/07-10/13,2024_10,15418.2835
OMICRON FUND,REGION-2-SEN,Education,2024_09/10-09/16,2024_09,33094.8009
OMICRON FUND,REGION-1-GOV,Economy & Labor,2024_10/29-11/04,2024_11,19353.7517
DELTA COALITION,REGION-4-GOV,Climate & Energy,2024_10/07-10/13,2024_10,6563.9731
LAMBDA POLICY FUND,REGION-2-SEN,Abortion,2024_10/07-10/13,2024_10,4797.3527
IOTA CITIZENS PAC,REGION-4-GOV,Abortion,2024_10/29-11/04,2024_11,1465.2514
ZETA FORWARD FUND,NATIONAL-PRES,Economy & Labor,2024_10/22-10/28,2024_10,16.7623
BETA ACTION PAC,REGION-3-HSE,Gun Policy,2024_11/05-11/11,2024_11,991.8546
IOTA CITIZENS PAC,REGION-3-HSE,Criminal Justice,2024_09/10-09/16,2024_09,17413.6482
XI PROGRESS COMMITTEE,REGION-2-SEN,Criminal Justice,2024_09/10-09/16,2024_09,585.9739
EPSILON GROUP PAC,REGION-1-GOV,Criminal Justice,2024_09/17-09/23,2024_09,488.688
LAMBDA POLICY FUND,REGION-4-GOV,Climate & Energy,2024_11/05-11/11,2024_11,805.0368
MU ACTION PAC,REGION-2-SEN,Education,2024_09/24-09/30,2024_09,3495.3587
NU COALITION,NATIONAL-PRES,Gun Policy,2024_10/01-10/06,2024_10,164391.2038
THETA ACTION COMMITTEE,REGION-3-HSE,Criminal Justice,2024_09/10-09/16,2024_09,1571.5207
THETA ACTION COMMITTEE,NATIONAL-PRES,Economy & Labor,2024_10/01-10/06,2024_10,250000
NU COALITION,REGION-4-GOV,Economy & Labor,2024_10/15-10/21,2024_10,191.7319
RHO VOTERS PAC,REGION-2-SEN,Economy & Labor,2024_09/24-09/30,2024_09,19562.6801
ALPHA COMMITTEE,REGION-1-GOV,Abortion,2024_11/12-11/18,2024_11,95.3586
MU ACTION PAC,NATIONAL-PRES,Immigration,2024_10/07-10/13,2024_10,1801.1285
RHO VOTERS PAC,REGION-1-GOV,Climate & Energy,2024_11/05-11/11,2024_11,3911.6331
EPSILON GROUP PAC,REGION-2-SEN,Economy & Labor,2024_11/12-11/18,2024_11,13788.7797
BETA ACTION PAC,REGION-3-HSE,Economy & Labor,2024_11/05-11/11,2024_11,134.8483
EPSILON GROUP PAC,REGION-2-SEN,Healthcare,2024_11/05-11/11,2024_11,89.4663
NU COALITION,REGION-2-SEN,Healthcare,2024_10/15-10/21,2024_10,
TAU COMMITTEE,REGION-3-HSE,Education,2024_11/05-11/11,2024_11,16.2746
IOTA CITIZENS PAC,REGION-1-GOV,Immigration,2024_09/10-09/16,2024_09,1975.3752
XI PROGRESS COMMITTEE,NATIONAL-PRES,Abortion,2024_10/01-10/06,2024_10,
BETA ACTION PAC,REGION-4-GOV,Gun Policy,2024_11/05-11/11,2024_11,844.8257
DELTA COALITION,REGION-4-GOV,Abortion,2024_11/05-11/11,2024_11,7376.4238
UPSILON ACTION PAC,REGION-4-GOV,Healthcare,2024_11/05-11/11,2024_11,49781.8057
PI ACTION GROUP,REGION-4-GOV,Gun Policy,2024_10/01-10/06,2024_10,4302.5848
MU ACTION PAC,REGION-4-GOV,Criminal Justice,2024_10/15-10/21,2024_10,1807.9888
THETA ACTION COMMITTEE,NATIONAL-PRES,Criminal Justice,2024_09/03-09/09,2024_09,27519.4634
IOTA CITIZENS PAC,REGION-2-SEN,Immigration,2024_09/17-09/23,2024_09,102.3157
ALPHA COMMITTEE,REGION-2-SEN,Criminal Justice,2024_11/12-11/18,2024_11,46.0306
ALPHA COMMITTEE,REGION-3-HSE,Immigration,2024_10/01-10/06,2024_10,16.9347
ZETA FORWARD FUND,REGION-3-HSE,Climate & Energy,2024_10/15-10/21,2024_10,125388.5856
NU COALITION,REGION-2-SEN,Healthcare,2024_10/01-10/06,2024_10,749.0823
MU ACTION PAC,REGION-2-SEN,Gun Policy,2024_10/01-10/06,2024_10,39.9416
TAU COMMITTEE,REGION-3-HSE,Gun Policy,2024_09/24-09/30,2024_09,3.6101
DELTA COALITION,NATIONAL-PRES,Economy & Labor,2024_11/12-11/18,2024_11,15521.2925
ETA PROGRESS PAC,REGION-1-GOV,Immigration,2024_10/01-10/06,2024_10,4071.0071
LAMBDA POLICY FUND,NATIONAL-PRES,Criminal Justice,2024_09/24-09/30,2024_09,88.1103
EPSILON GROUP PAC,NATIONAL-PRES,Abortion,2024_09/10-09/16,2024_09,245.309
OMICRON FUND,REGION-3-HSE,Abortion,2024_11/12-11/18,2024_11,91.6156
UPSILON ACTION PAC,REGION-4-GOV,Economy & Labor,2024_10/22-10/28,2024_10,9832.6925
UPSILON ACTION PAC,NATIONAL-PRES,Climate & Energy,2024_10/22-10/28,2024_10,33.9714
GAMMA VOTERS FUND,REGION-2-SEN,Healthcare,2024_09/17-09/23,2024_09,57.2394
MU ACTION PAC,REGION-2-SEN,Education,2024_11/12-11/18,2024_11,176759.3636
ETA PROGRESS PAC,NATIONAL-PRES,Climate & Energy,2024_11/05-11/11,2024_11,310.2253
OMICRON FUND,NATIONAL-PRES,Gun Policy,2024_09/17-09/23,2024_09,4176.3229
NU COALITION,REGION-4-GOV,Gun Policy,2024_10/29-11/04,2024_11,465.0378
PI ACTION GROUP,REGION-1-GOV,Gun Policy,2024_10/22-10/28,2024_10,3480.2259
UPSILON ACTION PAC,NATIONAL-PRES,Economy & Labor,2024_09/10-09/16,2024_09,157.125
RHO VOTERS PAC,REGION-4-GOV,Climate & Energy,2024_10/22-10/28,2024_10,4794.3184
OMICRON FUND,REGION-4-GOV,Education,2024_10/01-10/06,2024_10,3060.9137
EPSILON GROUP PAC,REGION-3-HSE,Gun Policy,2024_10/22-10/28,2024_10,290.6918
LAMBDA POLICY FUND,REGION-4-GOV,Abortion,2024_10/22-10/28,2024_10,3205.1143
ALPHA COMMITTEE,REGION-1-GOV,Abortion,2024_09/03-09/09,2024_09,14785.9201
NU COALITION,REGION-3-HSE,Healthcare,2024_10/22-10/28,2024_10,104524.7542
MU ACTION PAC,REGION-4-GOV,Immigration,2024_09/24-09/30,2024_09,
MU ACTION PAC,REGION-1-GOV,Economy & Labor,2024_11/05-11/11,2024_11,358.1028
OMICRON FUND,NATIONAL-PRES,Abortion,2024_11/05-11/11,2024_11,8148.8014
OMICRON FUND,REGION-2-SEN,Immigration,2024_10/15-10/21,2024_10,57417.9175
MU ACTION PAC,NATIONAL-PRES,Immigration,2024_10/29-11/04,2024_11,32384.0721
TAU COMMITTEE,REGION-4-GOV,Economy & Labor,2024_10/07-10/13,2024_10,932.1147
BETA ACTION PAC,REGION-3-HSE,Gun Policy,2024_10/15-10/21,2024_10,105125.9063
EPSILON GROUP PAC,NATIONAL-PRES,Immigration,2024_09/10-09/16,2024_09,14444.1722
BETA ACTION PAC,REGION-1-GOV,Abortion,2024_10/29-11/04,2024_11,538.8604
OMICRON FUND,REGION-2-SEN,Criminal Justice,2024_10/22-10/28,2024_10,447.6314
BETA ACTION PAC,NATIONAL-PRES,Economy & Labor,2024_10/15-10/21,2024_10,1593.3617
PI ACTION GROUP,REGION-2-SEN,Gun Policy,2024_10/15-10/21,2024_10,19.0034
ZETA FORWARD FUND,REGION-2-SEN,Economy & Labor,2024_10/29-11/04,2024_11,172062.4581
OMICRON FUND,NATIONAL-PRES,Healthcare,2024_09/03-09/09,2024_09,41.5653
MU ACTION PAC,REGION-4-GOV,Gun Policy,2024_10/15-10/21,2024_10,2824.8003
NU COALITION,REGION-3-HSE,Gun Policy,2024_11/05-11/11,2024_11,17712.8331
GAMMA VOTERS FUND,NATIONAL-PRES,Education,2024_09/24-09/30,2024_09,
BETA ACTION PAC,NATIONAL-PRES,Economy & Labor,2024_10/22-10/28,2024_10,14.5098
TAU COMMITTEE,REGION-3-HSE,Gun Policy,2024_09/17-09/23,2024_09,199367.2893
ALPHA COMMITTEE,REGION-2-SEN,Climate & Energy,2024_10/29-11/04,2024_11,61.9878
EPSILON GROUP PAC,REGION-3-HSE,Healthcare,2024_10/29-11/04,2024_11,134.0266
PI ACTION GROUP,REGION-4-GOV,Economy & Labor,2024_10/07-10/13,2024_10,93453.0383
ALPHA COMMITTEE,REGION-4-GOV,Economy & Labor,2024_09/03-09/09,2024_09,168988.3333
UPSILON ACTION PAC,REGION-4-GOV,Gun Policy,2024_09/03-09/09,2024_09,44959.2387
TAU COMMITTEE,REGION-3-HSE,Gun Policy,2024_09/24-09/30,2024_09,1945.8534
RHO VOTERS PAC,REGION-2-SEN,Gun Policy,2024_10/07-10/13,2024_10,189.4306
OMICRON FUND,REGION-3-HSE,Gun Policy,2024_09/24-09/30,2024_09,129.1594
OMICRON FUND,NATIONAL-PRES,Education,2024_09/24-09/30,2024_09,43192.7822
PI ACTION GROUP,REGION-2-SEN,Healthcare,2024_09/10-09/16,2024_09,19.7869
UPSILON ACTION PAC,REGION-4-GOV,Gun Policy,2024_10/01-10/06,2024_10,6533.6206
THETA ACTION COMMITTEE,NATIONAL-PRES,Education,2024_09/10-09/16,2024_09,124.5426
PI ACTION GROUP,REGION-3-HSE,Gun Policy,2024_10/15-10/21,2024_10,61.2774
UPSILON ACTION PAC,REGION-1-GOV,Abortion,2024_10/29-11/04,2024_11,1446.2965
EPSILON GROUP PAC,REGION-1-GOV,Criminal Justice,2024_09/17-09/23,2024_09,2.5
UPSILON ACTION PAC,REGION-1-GOV,Healthcare,2024_09/24-09/30,2024_09,47.8408
NU COALITION,NATIONAL-PRES,Climate & Energy,2024_10/01-10/06,2024_10,4227.228
OMICRON FUND,REGION-4-GOV,Criminal Justice,2024_09/10-09/16,2024_09,3695.0272
XI PROGRESS COMMITTEE,REGION-4-GOV,Gun Policy,2024_10/07-10/13,2024_10,128.7262
KAPPA FORWARD GROUP,REGION-4-GOV,Abortion,2024_09/10-09/16,2024_09,15186.6886
GAMMA VOTERS FUND,REGION-1-GOV,Abortion,2024_10/01-10/06,2024_10,1859.1096
ZETA FORWARD FUND,REGION-4-GOV,Economy & Labor,2024_10/07-10/13,2024_10,204.471
SIGMA FORWARD FUND,REGION-2-SEN,Immigration,2024_09/24-09/30,2024_09,222865.917
LAMBDA POLICY FUND,REGION-3-HSE,Education,2024_11/12-11/18,2024_11,2.5
NU COALITION,REGION-4-GOV,Healthcare,2024_10/07-10/13,2024_10,189509.4759
RHO VOTERS PAC,REGION-4-GOV,Healthcare,2024_09/17-09/23,2024_09,6.1635
IOTA CITIZENS PAC,REGION-2-SEN,Climate & Energy,2024_10/15-10/21,2024_10,3837.4656
ALPHA COMMITTEE,REGION-4-GOV,Abortion,2024_11/12-11/18,2024_11,56.0988
OMICRON FUND,NATIONAL-PRES,Climate & Energy,2024_11/12-11/18,2024_11,12879.5111
PI ACTION GROUP,NATIONAL-PRES,Abortion,2024_11/12-11/18,2024_11,4224.2417
ETA PROGRESS PAC,NATIONAL-PRES,Climate & Energy,2024_10/22-10/28,2024_10,80.2731
EPSILON GROUP PAC,REGION-4-GOV,Criminal Justice,2024_10/15-10/21,2024_10,5.8454
EPSILON GROUP PAC,REGION-4-GOV,Gun Policy,2024_10/01-10/06,2024_10,84.6557
NU COALITION,REGION-2-SEN,Education,2024_09/24-09/30,2024_09,215.2496
NU COALITION,REGION-2-SEN,Abortion,2024_10/22-10/28,2024_10,198.9428
ZETA FORWARD FUND,REGION-3-HSE,Immigration,2024_10/07-10/13,2024_10,35308.0245
DELTA COALITION,REGION-3-HSE,Climate & Energy,2024_10/15-10/21,2024_10,78186.1481
SIGMA FORWARD FUND,NATIONAL-PRES,Healthcare,2024_11/05-11/11,2024_11,118.8794
SIGMA FORWARD FUND,REGION-4-GOV,Criminal Justice,2024_10/22-10/28,2024_10,12680.1355
PI ACTION GROUP,REGION-1-GOV,Gun Policy,2024_11/12-11/18,2024_11,1789.9874
LAMBDA POLICY FUND,REGION-3-HSE,Criminal Justice,2024_10/29-11/04,2024_11,1236.4687
ZETA FORWARD FUND,REGION-3-HSE,Criminal Justice,2024_11/05-11/11,2024_11,74310.8426
NU COALITION,NATIONAL-PRES,Education,2024_11/12-11/18,2024_11,157747.3128
ETA PROGRESS PAC,REGION-3-HSE,Abortion,2024_09/03-09/09,2024_09,119.7973
